-- =====================================================
-- SRMS Database Backup
-- Generated: 2025-08-24 13:47:11
-- Database: srms_db
-- =====================================================

SET FOREIGN_KEY_CHECKS = 0;
SET SQL_MODE = 'NO_AUTO_VALUE_ON_ZERO';
SET AUTOCOMMIT = 0;
START TRANSACTION;


-- =====================================================
-- Table structure for `school`
-- =====================================================

DROP TABLE IF EXISTS `school`;

CREATE TABLE `school` (
  `school_id` int(11) NOT NULL AUTO_INCREMENT,
  `school_name` varchar(255) NOT NULL,
  `school_address` varchar(255) DEFAULT NULL,
  `principal_name` varchar(255) DEFAULT 'Not specified',
  `principal_username` varchar(100) DEFAULT NULL,
  `status` enum('active','inactive') DEFAULT 'active',
  PRIMARY KEY (`school_id`),
  UNIQUE KEY `school_name` (`school_name`)
) ENGINE=InnoDB AUTO_INCREMENT=11 DEFAULT CHARSET=utf8mb4 COLLATE=utf8mb4_general_ci;

-- =====================================================
-- Dumping data for table `school`
-- =====================================================

INSERT INTO `school` VALUES
('1', 'Delhi Public School, Hyderabad', 'Road No. 12, Banjara Hills, Hyderabad, Telangana 50003\r\n', 'Dr. Paavan Parekh', 'Paavan.principal', 'active'),
('2', 'Kendriya Vidyalaya, Bangalore', 'Old Airport Road, Vimanapura, Bangalore, Karnataka 560017', 'Dr. Meet Parekh', 'Meet.Principal', 'active'),
('3', 'St. Xavier\'s Collegiate School, Kolkata', '30 Park Street, Kolkata, West Bengal 700016', 'Not specified', NULL, 'active'),
('4', 'DAV Public School, Mumbai', 'Linking Road, Bandra West, Mumbai, Maharashtra 400050', 'Dr. Param Parekh', 'Param.Principal', 'active'),
('5', 'Ryan International School, Delhi', 'Sector 25, Rohini, Delhi 110085', 'Not specified', NULL, 'active'),
('6', 'Mogar High School', 'Mogar', 'Not specified', NULL, 'active'),
('7', 'Knowledge', 'Bakrol', 'Dr. Krupa Parekh', 'Krupa.Principal', 'active'),
('8', 'Sardar Patel Vidyamandir', 'Near Mahadev Mandir, Vasad', 'Jatin P. Patel', 'Jatin.Principal', 'inactive'),
('9', 'DAS', 'Opp. Chakli circle, Mumbai-360005', 'Paavan Parekh', 'paavanparekh209', 'inactive'),
('10', 'Kendriya Vidyalaya,HYD', 'Hyderabad', 'Param Parekh', 'paramparekh393', 'active');


-- =====================================================
-- Table structure for `user`
-- =====================================================

DROP TABLE IF EXISTS `user`;

CREATE TABLE `user` (
  `user_id` int(11) NOT NULL AUTO_INCREMENT,
  `username` varchar(255) NOT NULL,
  `password` varchar(255) NOT NULL,
  `fullname` varchar(255) NOT NULL,
  `role` enum('student','teacher','principal','admin') NOT NULL,
  `school_id` int(11) NOT NULL,
  PRIMARY KEY (`user_id`),
  UNIQUE KEY `username` (`username`),
  KEY `school_id` (`school_id`),
  CONSTRAINT `user_ibfk_1` FOREIGN KEY (`school_id`) REFERENCES `school` (`school_id`)
) ENGINE=InnoDB AUTO_INCREMENT=51 DEFAULT CHARSET=utf8mb4 COLLATE=utf8mb4_general_ci;

-- =====================================================
-- Dumping data for table `user`
-- =====================================================

INSERT INTO `user` VALUES
('1', 'srms.admin', 'admin', 'SRMS Administrator', 'admin', '1'),
('2', 'priya.principal', 'principalpass123', 'Dr. Priya Sharma', 'principal', '1'),
('3', 'sanjay.principal', 'principalpass123', 'Mr. Sanjay Kumar', 'principal', '2'),
('4', 'thomas.principal', 'principalpass123', 'Fr. Thomas Varghese', 'principal', '3'),
('5', 'meera.principal', 'principalpass123', 'Mrs. Meera Patel', 'principal', '4'),
('6', 'rajesh.principal', 'principalpass123', 'Dr. Rajesh Gupta', 'principal', '5'),
('7', 'anita.math', 'teacherpass123', 'Ms. Anita Reddy', 'teacher', '1'),
('8', 'rajesh.sci', 'teacherpass123', 'Mr. Rajesh Singh', 'teacher', '1'),
('9', 'kavya.eng', 'teacherpass123', 'Ms. Kavya Nair', 'teacher', '1'),
('10', 'suresh.soc', 'teacherpass123', 'Mr. Suresh Rao', 'teacher', '1'),
('11', 'deepa.hin', 'teacherpass123', 'Mrs. Deepa Sharma', 'teacher', '1'),
('12', 'pooja.eng', 'teacherpass123', 'Ms. Pooja Gupta', 'teacher', '2'),
('13', 'ramesh.math', 'teacherpass123', 'Mr. Ramesh Kumar', 'teacher', '2'),
('14', 'sunita.sci', 'teacherpass123', 'Mrs. Sunita Joshi', 'teacher', '2'),
('15', 'vikram.hin', 'teacherpass123', 'Mr. Vikram Singh', 'teacher', '2'),
('16', 'amit.hist', 'teacherpass123', 'Mr. Amit Verma', 'teacher', '3'),
('17', 'rita.phy', 'teacherpass123', 'Mrs. Rita Das', 'teacher', '3'),
('18', 'subhash.che', 'teacherpass123', 'Dr. Subhash Bose', 'teacher', '3'),
('19', 'maya.bio', 'teacherpass123', 'Ms. Maya Chatterjee', 'teacher', '3'),
('21', 'riya.dps', 'studentpass123', 'Riya Sharma', 'student', '1'),
('22', 'karthik.dps', 'studentpass123', 'Karthik Reddy', 'student', '1'),
('23', 'priya.dps', 'studentpass123', 'Priya Nair', 'student', '1'),
('24', 'rohit.dps', 'studentpass123', 'Rohit Kumar', 'student', '1'),
('25', 'sneha.dps', 'studentpass123', 'Sneha Patel', 'student', '1'),
('26', 'arun.dps', 'studentpass123', 'Arun Rao', 'student', '1'),
('27', 'divya.dps', 'studentpass123', 'Divya Singh', 'student', '1'),
('28', 'kiran.kv', 'studentpass123', 'Kiran Rao', 'student', '2'),
('29', 'sara.kv', 'studentpass123', 'Sara Khan', 'student', '2'),
('30', 'manish.kv', 'studentpass123', 'Manish Gupta', 'student', '2'),
('31', 'ananya.kv', 'studentpass123', 'Ananya Joshi', 'student', '2'),
('32', 'rahul.kv', 'studentpass123', 'Rahul Singh', 'student', '2'),
('33', 'kavitha.kv', 'studentpass123', 'Kavitha Kumar', 'student', '2'),
('34', 'vivek.sx', 'studentpass123', 'Vivek Das', 'student', '3'),
('35', 'isha.sx', 'studentpass123', 'Isha Bose', 'student', '3'),
('36', 'aritra.sx', 'studentpass123', 'Aritra Ghosh', 'student', '3'),
('37', 'shreya.sx', 'studentpass123', 'Shreya Mukherjee', 'student', '3'),
('38', 'sourav.sx', 'studentpass123', 'Sourav Roy', 'student', '3'),
('39', 'ritu.sx', 'studentpass123', 'Ritu Chatterjee', 'student', '3'),
('40', 'Param.Principal', '710708', 'Param Parekh', 'principal', '7'),
('41', 'Meet.Kn', 'studentpass123', 'Meet Parekh', 'student', '7'),
('42', 'Nikhil.Kn', '110011', 'Nikhil Kulkarni', 'teacher', '7'),
('43', 'john.doe', 'password123', 'John Doe', 'student', '1'),
('44', 'jane.smith', 'password123', 'Jane Smith', 'student', '1'),
('46', 'spandan.dps', 'teacherpass123', 'Spandan Parikh', 'teacher', '1'),
('47', 'paavanparekh209', 'principal5726', 'Paavan Parekh', 'principal', '9'),
('48', 'Karthik.DA', 'teacherpass123', 'Karthik Ready', 'teacher', '9'),
('49', 'paramparekh393', 'principal3722', 'Param Parekh', 'principal', '10'),
('50', 'Jane.De', 'teacherpass123', 'Jane Smith', 'teacher', '1');


-- =====================================================
-- Table structure for `class`
-- =====================================================

DROP TABLE IF EXISTS `class`;

CREATE TABLE `class` (
  `class_id` int(11) NOT NULL AUTO_INCREMENT,
  `class_name` varchar(10) NOT NULL,
  `division` varchar(10) NOT NULL,
  `school_id` int(11) NOT NULL,
  PRIMARY KEY (`class_id`),
  UNIQUE KEY `class_name` (`class_name`,`division`,`school_id`),
  KEY `school_id` (`school_id`),
  CONSTRAINT `class_ibfk_1` FOREIGN KEY (`school_id`) REFERENCES `school` (`school_id`)
) ENGINE=InnoDB AUTO_INCREMENT=22 DEFAULT CHARSET=utf8mb4 COLLATE=utf8mb4_general_ci;

-- =====================================================
-- Dumping data for table `class`
-- =====================================================

INSERT INTO `class` VALUES
('18', '1', 'A', '7'),
('1', '10', 'A', '1'),
('13', '10', 'A', '4'),
('2', '10', 'B', '1'),
('14', '10', 'B', '4'),
('19', '10', 'B', '7'),
('17', '11', 'A', '1'),
('10', '11', 'Commerce', '3'),
('21', '11', 'Science', '1'),
('9', '11', 'Science', '3'),
('20', '11', 'Science', '7'),
('12', '12', 'Commerce', '3'),
('11', '12', 'Science', '3'),
('7', '8', 'A', '2'),
('8', '8', 'B', '2'),
('3', '9', 'A', '1'),
('5', '9', 'A', '2'),
('15', '9', 'A', '5'),
('4', '9', 'B', '1'),
('6', '9', 'B', '2'),
('16', '9', 'B', '5');


-- =====================================================
-- Table structure for `subject`
-- =====================================================

DROP TABLE IF EXISTS `subject`;

CREATE TABLE `subject` (
  `subject_id` int(11) NOT NULL AUTO_INCREMENT,
  `subject_name` varchar(255) NOT NULL,
  `school_id` int(11) NOT NULL,
  PRIMARY KEY (`subject_id`),
  UNIQUE KEY `subject_name` (`subject_name`,`school_id`),
  KEY `school_id` (`school_id`),
  CONSTRAINT `subject_ibfk_1` FOREIGN KEY (`school_id`) REFERENCES `school` (`school_id`)
) ENGINE=InnoDB AUTO_INCREMENT=32 DEFAULT CHARSET=utf8mb4 COLLATE=utf8mb4_general_ci;

-- =====================================================
-- Dumping data for table `subject`
-- =====================================================

INSERT INTO `subject` VALUES
('20', 'Accountancy', '3'),
('15', 'Biology', '3'),
('14', 'Chemistry', '3'),
('6', 'Computer Science', '1'),
('19', 'Economics', '3'),
('3', 'English', '1'),
('9', 'English', '2'),
('17', 'English', '3'),
('23', 'English', '4'),
('28', 'English', '5'),
('5', 'Hindi', '1'),
('10', 'Hindi', '2'),
('25', 'Hindi', '4'),
('29', 'Hindi', '5'),
('18', 'History', '3'),
('24', 'Marathi', '4'),
('1', 'Mathematics', '1'),
('7', 'Mathematics', '2'),
('16', 'Mathematics', '3'),
('21', 'Mathematics', '4'),
('26', 'Mathematics', '5'),
('31', 'Mathematics-1', '1'),
('13', 'Physics', '3'),
('11', 'Sanskrit', '2'),
('2', 'Science', '1'),
('8', 'Science', '2'),
('22', 'Science', '4'),
('27', 'Science', '5'),
('4', 'Social Science', '1'),
('30', 'Social Science', '5'),
('12', 'Social Studies', '2');


-- =====================================================
-- Table structure for `teacher`
-- =====================================================

DROP TABLE IF EXISTS `teacher`;

CREATE TABLE `teacher` (
  `teacher_id` int(11) NOT NULL AUTO_INCREMENT,
  `user_id` int(11) NOT NULL,
  `school_id` int(11) NOT NULL,
  PRIMARY KEY (`teacher_id`),
  UNIQUE KEY `user_id` (`user_id`),
  KEY `school_id` (`school_id`),
  CONSTRAINT `teacher_ibfk_1` FOREIGN KEY (`user_id`) REFERENCES `user` (`user_id`),
  CONSTRAINT `teacher_ibfk_2` FOREIGN KEY (`school_id`) REFERENCES `school` (`school_id`)
) ENGINE=InnoDB AUTO_INCREMENT=19 DEFAULT CHARSET=utf8mb4 COLLATE=utf8mb4_general_ci;

-- =====================================================
-- Dumping data for table `teacher`
-- =====================================================

INSERT INTO `teacher` VALUES
('1', '7', '1'),
('2', '8', '1'),
('3', '9', '1'),
('4', '10', '1'),
('5', '11', '1'),
('6', '12', '2'),
('7', '13', '2'),
('8', '14', '2'),
('9', '15', '2'),
('10', '16', '3'),
('11', '17', '3'),
('12', '18', '3'),
('13', '19', '3'),
('14', '42', '7'),
('16', '46', '1'),
('17', '48', '9'),
('18', '50', '1');


-- =====================================================
-- Table structure for `student`
-- =====================================================

DROP TABLE IF EXISTS `student`;

CREATE TABLE `student` (
  `student_id` int(11) NOT NULL AUTO_INCREMENT,
  `roll_number` varchar(50) NOT NULL,
  `user_id` int(11) NOT NULL,
  `class_id` int(11) NOT NULL,
  `school_id` int(11) NOT NULL,
  PRIMARY KEY (`student_id`),
  UNIQUE KEY `user_id` (`user_id`),
  UNIQUE KEY `roll_number` (`roll_number`,`class_id`,`school_id`),
  KEY `class_id` (`class_id`),
  KEY `school_id` (`school_id`),
  CONSTRAINT `student_ibfk_1` FOREIGN KEY (`user_id`) REFERENCES `user` (`user_id`),
  CONSTRAINT `student_ibfk_2` FOREIGN KEY (`class_id`) REFERENCES `class` (`class_id`),
  CONSTRAINT `student_ibfk_3` FOREIGN KEY (`school_id`) REFERENCES `school` (`school_id`)
) ENGINE=InnoDB AUTO_INCREMENT=24 DEFAULT CHARSET=utf8mb4 COLLATE=utf8mb4_general_ci;

-- =====================================================
-- Dumping data for table `student`
-- =====================================================

INSERT INTO `student` VALUES
('1', 'DPS001', '21', '1', '1'),
('2', 'DPS002', '22', '1', '1'),
('3', 'DPS003', '23', '1', '1'),
('4', 'DPS004', '24', '1', '1'),
('5', 'DPS005', '25', '2', '1'),
('6', 'DPS006', '26', '2', '1'),
('7', 'DPS007', '27', '2', '1'),
('8', 'DPS008', '28', '2', '1'),
('9', 'KV001', '29', '5', '2'),
('10', 'KV002', '30', '5', '2'),
('11', 'KV003', '31', '5', '2'),
('12', 'KV004', '32', '6', '2'),
('13', 'KV005', '33', '6', '2'),
('14', 'KV006', '34', '6', '2'),
('15', 'SX001', '35', '9', '3'),
('16', 'SX002', '36', '9', '3'),
('17', 'SX003', '37', '9', '3'),
('18', 'SX004', '38', '10', '3'),
('19', 'SX005', '39', '10', '3'),
('20', 'SX006', '40', '10', '3'),
('21', 'Kn001', '41', '20', '7'),
('22', 'DPS009', '43', '1', '1'),
('23', 'DPS010', '44', '1', '1');


-- =====================================================
-- Table structure for `teacher_class_subject`
-- =====================================================

DROP TABLE IF EXISTS `teacher_class_subject`;

CREATE TABLE `teacher_class_subject` (
  `teacher_class_subject_id` int(11) NOT NULL AUTO_INCREMENT,
  `teacher_id` int(11) NOT NULL,
  `class_id` int(11) NOT NULL,
  `subject_id` int(11) NOT NULL,
  PRIMARY KEY (`teacher_class_subject_id`),
  UNIQUE KEY `teacher_id` (`teacher_id`,`class_id`,`subject_id`),
  KEY `class_id` (`class_id`),
  KEY `subject_id` (`subject_id`),
  CONSTRAINT `teacher_class_subject_ibfk_1` FOREIGN KEY (`teacher_id`) REFERENCES `teacher` (`teacher_id`),
  CONSTRAINT `teacher_class_subject_ibfk_2` FOREIGN KEY (`class_id`) REFERENCES `class` (`class_id`),
  CONSTRAINT `teacher_class_subject_ibfk_3` FOREIGN KEY (`subject_id`) REFERENCES `subject` (`subject_id`)
) ENGINE=InnoDB AUTO_INCREMENT=38 DEFAULT CHARSET=utf8mb4 COLLATE=utf8mb4_general_ci;

-- =====================================================
-- Dumping data for table `teacher_class_subject`
-- =====================================================

INSERT INTO `teacher_class_subject` VALUES
('1', '1', '1', '1'),
('2', '1', '2', '1'),
('3', '2', '1', '2'),
('4', '2', '2', '2'),
('5', '3', '1', '3'),
('6', '3', '2', '3'),
('7', '4', '1', '4'),
('8', '4', '2', '4'),
('9', '5', '1', '5'),
('10', '5', '2', '5'),
('11', '6', '5', '9'),
('12', '6', '6', '9'),
('13', '7', '5', '7'),
('14', '7', '6', '7'),
('15', '8', '5', '8'),
('16', '8', '6', '8'),
('24', '8', '8', '11'),
('17', '9', '5', '10'),
('18', '9', '6', '10'),
('23', '9', '8', '7'),
('19', '10', '9', '18'),
('20', '11', '9', '13'),
('21', '12', '9', '14'),
('22', '13', '9', '15'),
('37', '16', '17', '4'),
('36', '18', '21', '1');


-- =====================================================
-- Table structure for `exam`
-- =====================================================

DROP TABLE IF EXISTS `exam`;

CREATE TABLE `exam` (
  `exam_id` int(11) NOT NULL AUTO_INCREMENT,
  `exam_name` varchar(100) NOT NULL,
  `exam_type` enum('term1','term2','unit_test','final') NOT NULL,
  `start_date` date NOT NULL,
  `end_date` date NOT NULL,
  `total_marks` decimal(5,2) NOT NULL DEFAULT 100.00,
  `school_id` int(11) NOT NULL,
  `status` enum('upcoming','ongoing','completed') DEFAULT 'upcoming',
  `created_at` timestamp NOT NULL DEFAULT current_timestamp(),
  PRIMARY KEY (`exam_id`),
  UNIQUE KEY `unique_exam` (`exam_name`,`school_id`),
  KEY `school_id` (`school_id`),
  CONSTRAINT `exam_ibfk_1` FOREIGN KEY (`school_id`) REFERENCES `school` (`school_id`)
) ENGINE=InnoDB AUTO_INCREMENT=6 DEFAULT CHARSET=utf8mb4 COLLATE=utf8mb4_general_ci;

-- =====================================================
-- Dumping data for table `exam`
-- =====================================================

INSERT INTO `exam` VALUES
('1', 'Mid Term Exam - Term 1', 'term1', '2025-02-15', '2025-02-25', '100.00', '1', 'upcoming', '2025-08-14 18:41:51'),
('2', 'Final Exam - Term 1', 'term1', '2025-04-01', '2025-04-10', '100.00', '1', 'upcoming', '2025-08-14 18:41:51'),
('3', 'Unit Test 1', 'unit_test', '2025-01-20', '2025-01-22', '50.00', '1', 'completed', '2025-08-14 18:41:51'),
('4', 'Mid Term Exam - Term 1', 'term1', '2025-02-15', '2025-02-25', '100.00', '2', 'upcoming', '2025-08-14 18:41:51'),
('5', 'Final Exam - Term 1', 'term1', '2025-04-01', '2025-04-10', '100.00', '2', 'upcoming', '2025-08-14 18:41:51');


-- =====================================================
-- Table structure for `examresult`
-- =====================================================

DROP TABLE IF EXISTS `examresult`;

CREATE TABLE `examresult` (
  `exam_result_id` int(11) NOT NULL AUTO_INCREMENT,
  `student_id` int(11) NOT NULL,
  `exam_id` int(11) NOT NULL,
  `subject_id` int(11) NOT NULL,
  `marks_obtained` decimal(5,2) DEFAULT 0.00,
  `total_marks` decimal(5,2) NOT NULL,
  `recorded_at` timestamp NOT NULL DEFAULT current_timestamp(),
  `updated_at` timestamp NOT NULL DEFAULT current_timestamp() ON UPDATE current_timestamp(),
  PRIMARY KEY (`exam_result_id`),
  UNIQUE KEY `unique_exam_result` (`student_id`,`exam_id`,`subject_id`),
  KEY `exam_id` (`exam_id`),
  KEY `subject_id` (`subject_id`),
  CONSTRAINT `examresult_ibfk_1` FOREIGN KEY (`student_id`) REFERENCES `student` (`student_id`) ON DELETE CASCADE,
  CONSTRAINT `examresult_ibfk_2` FOREIGN KEY (`exam_id`) REFERENCES `exam` (`exam_id`) ON DELETE CASCADE,
  CONSTRAINT `examresult_ibfk_3` FOREIGN KEY (`subject_id`) REFERENCES `subject` (`subject_id`) ON DELETE CASCADE
) ENGINE=InnoDB AUTO_INCREMENT=283 DEFAULT CHARSET=utf8mb4 COLLATE=utf8mb4_general_ci;

-- =====================================================
-- Dumping data for table `examresult`
-- =====================================================

INSERT INTO `examresult` VALUES
('1', '1', '1', '1', '0.00', '100.00', '2025-08-14 19:30:27', '2025-08-14 19:30:27'),
('2', '1', '1', '2', '0.00', '100.00', '2025-08-14 19:30:27', '2025-08-14 19:30:27'),
('3', '1', '1', '3', '0.00', '100.00', '2025-08-14 19:30:27', '2025-08-14 19:30:27'),
('4', '1', '1', '4', '0.00', '100.00', '2025-08-14 19:30:27', '2025-08-14 19:30:27'),
('5', '1', '1', '5', '0.00', '100.00', '2025-08-14 19:30:27', '2025-08-14 19:30:27'),
('6', '1', '1', '6', '0.00', '100.00', '2025-08-14 19:30:27', '2025-08-14 19:30:27'),
('7', '1', '1', '31', '0.00', '100.00', '2025-08-14 19:30:27', '2025-08-14 19:30:27'),
('8', '1', '2', '1', '0.00', '100.00', '2025-08-14 19:30:27', '2025-08-14 19:30:27'),
('9', '1', '2', '2', '0.00', '100.00', '2025-08-14 19:30:27', '2025-08-14 19:30:27'),
('10', '1', '2', '3', '0.00', '100.00', '2025-08-14 19:30:27', '2025-08-14 19:30:27'),
('11', '1', '2', '4', '0.00', '100.00', '2025-08-14 19:30:27', '2025-08-14 19:30:27'),
('12', '1', '2', '5', '0.00', '100.00', '2025-08-14 19:30:27', '2025-08-14 19:30:27'),
('13', '1', '2', '6', '0.00', '100.00', '2025-08-14 19:30:27', '2025-08-14 19:30:27'),
('14', '1', '2', '31', '98.00', '100.00', '2025-08-14 19:30:27', '2025-08-14 19:47:46'),
('15', '1', '3', '1', '0.00', '50.00', '2025-08-14 19:30:27', '2025-08-14 19:30:27'),
('16', '1', '3', '2', '0.00', '50.00', '2025-08-14 19:30:27', '2025-08-14 19:30:27'),
('17', '1', '3', '3', '0.00', '50.00', '2025-08-14 19:30:27', '2025-08-14 19:30:27'),
('18', '1', '3', '4', '0.00', '50.00', '2025-08-14 19:30:27', '2025-08-14 19:30:27'),
('19', '1', '3', '5', '0.00', '50.00', '2025-08-14 19:30:28', '2025-08-14 19:30:28'),
('20', '1', '3', '6', '0.00', '50.00', '2025-08-14 19:30:28', '2025-08-14 19:30:28'),
('21', '1', '3', '31', '0.00', '50.00', '2025-08-14 19:30:28', '2025-08-14 19:30:28'),
('22', '2', '1', '1', '0.00', '100.00', '2025-08-14 19:30:28', '2025-08-14 19:30:28'),
('23', '2', '1', '2', '0.00', '100.00', '2025-08-14 19:30:28', '2025-08-14 19:30:28'),
('24', '2', '1', '3', '0.00', '100.00', '2025-08-14 19:30:28', '2025-08-14 19:30:28'),
('25', '2', '1', '4', '0.00', '100.00', '2025-08-14 19:30:28', '2025-08-14 19:30:28'),
('26', '2', '1', '5', '0.00', '100.00', '2025-08-14 19:30:28', '2025-08-14 19:30:28'),
('27', '2', '1', '6', '0.00', '100.00', '2025-08-14 19:30:28', '2025-08-14 19:30:28'),
('28', '2', '1', '31', '0.00', '100.00', '2025-08-14 19:30:28', '2025-08-14 19:30:28'),
('29', '2', '2', '1', '0.00', '100.00', '2025-08-14 19:30:28', '2025-08-14 19:30:28'),
('30', '2', '2', '2', '0.00', '100.00', '2025-08-14 19:30:28', '2025-08-14 19:30:28'),
('31', '2', '2', '3', '0.00', '100.00', '2025-08-14 19:30:28', '2025-08-14 19:30:28'),
('32', '2', '2', '4', '0.00', '100.00', '2025-08-14 19:30:28', '2025-08-14 19:30:28'),
('33', '2', '2', '5', '0.00', '100.00', '2025-08-14 19:30:28', '2025-08-14 19:30:28'),
('34', '2', '2', '6', '0.00', '100.00', '2025-08-14 19:30:28', '2025-08-14 19:30:28'),
('35', '2', '2', '31', '56.00', '100.00', '2025-08-14 19:30:28', '2025-08-14 19:47:46'),
('36', '2', '3', '1', '0.00', '50.00', '2025-08-14 19:30:28', '2025-08-14 19:30:28'),
('37', '2', '3', '2', '0.00', '50.00', '2025-08-14 19:30:28', '2025-08-14 19:30:28'),
('38', '2', '3', '3', '0.00', '50.00', '2025-08-14 19:30:28', '2025-08-14 19:30:28'),
('39', '2', '3', '4', '0.00', '50.00', '2025-08-14 19:30:28', '2025-08-14 19:30:28'),
('40', '2', '3', '5', '0.00', '50.00', '2025-08-14 19:30:28', '2025-08-14 19:30:28'),
('41', '2', '3', '6', '0.00', '50.00', '2025-08-14 19:30:28', '2025-08-14 19:30:28'),
('42', '2', '3', '31', '0.00', '50.00', '2025-08-14 19:30:28', '2025-08-14 19:30:28'),
('43', '3', '1', '1', '0.00', '100.00', '2025-08-14 19:30:28', '2025-08-14 19:30:28'),
('44', '3', '1', '2', '0.00', '100.00', '2025-08-14 19:30:28', '2025-08-14 19:30:28'),
('45', '3', '1', '3', '0.00', '100.00', '2025-08-14 19:30:28', '2025-08-14 19:30:28'),
('46', '3', '1', '4', '0.00', '100.00', '2025-08-14 19:30:28', '2025-08-14 19:30:28'),
('47', '3', '1', '5', '0.00', '100.00', '2025-08-14 19:30:28', '2025-08-14 19:30:28'),
('48', '3', '1', '6', '0.00', '100.00', '2025-08-14 19:30:28', '2025-08-14 19:30:28'),
('49', '3', '1', '31', '0.00', '100.00', '2025-08-14 19:30:28', '2025-08-14 19:30:28'),
('50', '3', '2', '1', '0.00', '100.00', '2025-08-14 19:30:28', '2025-08-14 19:30:28'),
('51', '3', '2', '2', '0.00', '100.00', '2025-08-14 19:30:28', '2025-08-14 19:30:28'),
('52', '3', '2', '3', '0.00', '100.00', '2025-08-14 19:30:28', '2025-08-14 19:30:28'),
('53', '3', '2', '4', '0.00', '100.00', '2025-08-14 19:30:28', '2025-08-14 19:30:28'),
('54', '3', '2', '5', '0.00', '100.00', '2025-08-14 19:30:28', '2025-08-14 19:30:28'),
('55', '3', '2', '6', '0.00', '100.00', '2025-08-14 19:30:28', '2025-08-14 19:30:28'),
('56', '3', '2', '31', '87.00', '100.00', '2025-08-14 19:30:28', '2025-08-14 19:47:46'),
('57', '3', '3', '1', '0.00', '50.00', '2025-08-14 19:30:28', '2025-08-14 19:30:28'),
('58', '3', '3', '2', '0.00', '50.00', '2025-08-14 19:30:28', '2025-08-14 19:30:28'),
('59', '3', '3', '3', '0.00', '50.00', '2025-08-14 19:30:28', '2025-08-14 19:30:28'),
('60', '3', '3', '4', '0.00', '50.00', '2025-08-14 19:30:28', '2025-08-14 19:30:28'),
('61', '3', '3', '5', '0.00', '50.00', '2025-08-14 19:30:28', '2025-08-14 19:30:28'),
('62', '3', '3', '6', '0.00', '50.00', '2025-08-14 19:30:28', '2025-08-14 19:30:28'),
('63', '3', '3', '31', '0.00', '50.00', '2025-08-14 19:30:28', '2025-08-14 19:30:28'),
('64', '4', '1', '1', '0.00', '100.00', '2025-08-14 19:30:28', '2025-08-14 19:30:28'),
('65', '4', '1', '2', '0.00', '100.00', '2025-08-14 19:30:28', '2025-08-14 19:30:28'),
('66', '4', '1', '3', '0.00', '100.00', '2025-08-14 19:30:28', '2025-08-14 19:30:28'),
('67', '4', '1', '4', '0.00', '100.00', '2025-08-14 19:30:28', '2025-08-14 19:30:28'),
('68', '4', '1', '5', '0.00', '100.00', '2025-08-14 19:30:28', '2025-08-14 19:30:28'),
('69', '4', '1', '6', '0.00', '100.00', '2025-08-14 19:30:28', '2025-08-14 19:30:28'),
('70', '4', '1', '31', '0.00', '100.00', '2025-08-14 19:30:28', '2025-08-14 19:30:28'),
('71', '4', '2', '1', '0.00', '100.00', '2025-08-14 19:30:28', '2025-08-14 19:30:28'),
('72', '4', '2', '2', '0.00', '100.00', '2025-08-14 19:30:28', '2025-08-14 19:30:28'),
('73', '4', '2', '3', '0.00', '100.00', '2025-08-14 19:30:28', '2025-08-14 19:30:28'),
('74', '4', '2', '4', '0.00', '100.00', '2025-08-14 19:30:28', '2025-08-14 19:30:28'),
('75', '4', '2', '5', '0.00', '100.00', '2025-08-14 19:30:28', '2025-08-14 19:30:28'),
('76', '4', '2', '6', '0.00', '100.00', '2025-08-14 19:30:28', '2025-08-14 19:30:28'),
('77', '4', '2', '31', '79.00', '100.00', '2025-08-14 19:30:28', '2025-08-14 19:47:46'),
('78', '4', '3', '1', '0.00', '50.00', '2025-08-14 19:30:28', '2025-08-14 19:30:28'),
('79', '4', '3', '2', '0.00', '50.00', '2025-08-14 19:30:28', '2025-08-14 19:30:28'),
('80', '4', '3', '3', '0.00', '50.00', '2025-08-14 19:30:28', '2025-08-14 19:30:28'),
('81', '4', '3', '4', '0.00', '50.00', '2025-08-14 19:30:28', '2025-08-14 19:30:28'),
('82', '4', '3', '5', '0.00', '50.00', '2025-08-14 19:30:28', '2025-08-14 19:30:28'),
('83', '4', '3', '6', '0.00', '50.00', '2025-08-14 19:30:28', '2025-08-14 19:30:28'),
('84', '4', '3', '31', '0.00', '50.00', '2025-08-14 19:30:28', '2025-08-14 19:30:28'),
('85', '5', '1', '1', '0.00', '100.00', '2025-08-14 19:30:28', '2025-08-14 19:30:28'),
('86', '5', '1', '2', '0.00', '100.00', '2025-08-14 19:30:28', '2025-08-14 19:30:28'),
('87', '5', '1', '3', '0.00', '100.00', '2025-08-14 19:30:28', '2025-08-14 19:30:28'),
('88', '5', '1', '4', '0.00', '100.00', '2025-08-14 19:30:28', '2025-08-14 19:30:28'),
('89', '5', '1', '5', '0.00', '100.00', '2025-08-14 19:30:28', '2025-08-14 19:30:28'),
('90', '5', '1', '6', '0.00', '100.00', '2025-08-14 19:30:28', '2025-08-14 19:30:28'),
('91', '5', '1', '31', '0.00', '100.00', '2025-08-14 19:30:28', '2025-08-14 19:30:28'),
('92', '5', '2', '1', '0.00', '100.00', '2025-08-14 19:30:28', '2025-08-14 19:30:28'),
('93', '5', '2', '2', '0.00', '100.00', '2025-08-14 19:30:28', '2025-08-14 19:30:28'),
('94', '5', '2', '3', '0.00', '100.00', '2025-08-14 19:30:28', '2025-08-14 19:30:28'),
('95', '5', '2', '4', '0.00', '100.00', '2025-08-14 19:30:28', '2025-08-14 19:30:28'),
('96', '5', '2', '5', '0.00', '100.00', '2025-08-14 19:30:28', '2025-08-14 19:30:28'),
('97', '5', '2', '6', '0.00', '100.00', '2025-08-14 19:30:28', '2025-08-14 19:30:28'),
('98', '5', '2', '31', '100.00', '100.00', '2025-08-14 19:30:28', '2025-08-14 19:47:46'),
('99', '5', '3', '1', '0.00', '50.00', '2025-08-14 19:30:28', '2025-08-14 19:30:28'),
('100', '5', '3', '2', '0.00', '50.00', '2025-08-14 19:30:28', '2025-08-14 19:30:28'),
('101', '5', '3', '3', '0.00', '50.00', '2025-08-14 19:30:28', '2025-08-14 19:30:28'),
('102', '5', '3', '4', '0.00', '50.00', '2025-08-14 19:30:28', '2025-08-14 19:30:28'),
('103', '5', '3', '5', '0.00', '50.00', '2025-08-14 19:30:28', '2025-08-14 19:30:28'),
('104', '5', '3', '6', '0.00', '50.00', '2025-08-14 19:30:28', '2025-08-14 19:30:28'),
('105', '5', '3', '31', '0.00', '50.00', '2025-08-14 19:30:28', '2025-08-14 19:30:28'),
('106', '6', '1', '1', '0.00', '100.00', '2025-08-14 19:30:28', '2025-08-14 19:30:28'),
('107', '6', '1', '2', '0.00', '100.00', '2025-08-14 19:30:28', '2025-08-14 19:30:28'),
('108', '6', '1', '3', '0.00', '100.00', '2025-08-14 19:30:28', '2025-08-14 19:30:28'),
('109', '6', '1', '4', '0.00', '100.00', '2025-08-14 19:30:28', '2025-08-14 19:30:28'),
('110', '6', '1', '5', '0.00', '100.00', '2025-08-14 19:30:28', '2025-08-14 19:30:28'),
('111', '6', '1', '6', '0.00', '100.00', '2025-08-14 19:30:28', '2025-08-14 19:30:28'),
('112', '6', '1', '31', '0.00', '100.00', '2025-08-14 19:30:28', '2025-08-14 19:30:28'),
('113', '6', '2', '1', '0.00', '100.00', '2025-08-14 19:30:28', '2025-08-14 19:30:28'),
('114', '6', '2', '2', '0.00', '100.00', '2025-08-14 19:30:28', '2025-08-14 19:30:28'),
('115', '6', '2', '3', '0.00', '100.00', '2025-08-14 19:30:28', '2025-08-14 19:30:28'),
('116', '6', '2', '4', '0.00', '100.00', '2025-08-14 19:30:28', '2025-08-14 19:30:28'),
('117', '6', '2', '5', '0.00', '100.00', '2025-08-14 19:30:28', '2025-08-14 19:30:28'),
('118', '6', '2', '6', '0.00', '100.00', '2025-08-14 19:30:28', '2025-08-14 19:30:28'),
('119', '6', '2', '31', '87.00', '100.00', '2025-08-14 19:30:28', '2025-08-14 19:47:46'),
('120', '6', '3', '1', '0.00', '50.00', '2025-08-14 19:30:28', '2025-08-14 19:30:28'),
('121', '6', '3', '2', '0.00', '50.00', '2025-08-14 19:30:28', '2025-08-14 19:30:28'),
('122', '6', '3', '3', '0.00', '50.00', '2025-08-14 19:30:28', '2025-08-14 19:30:28'),
('123', '6', '3', '4', '0.00', '50.00', '2025-08-14 19:30:28', '2025-08-14 19:30:28'),
('124', '6', '3', '5', '0.00', '50.00', '2025-08-14 19:30:28', '2025-08-14 19:30:28'),
('125', '6', '3', '6', '0.00', '50.00', '2025-08-14 19:30:28', '2025-08-14 19:30:28'),
('126', '6', '3', '31', '0.00', '50.00', '2025-08-14 19:30:28', '2025-08-14 19:30:28'),
('127', '7', '1', '1', '0.00', '100.00', '2025-08-14 19:30:28', '2025-08-14 19:30:28'),
('128', '7', '1', '2', '0.00', '100.00', '2025-08-14 19:30:28', '2025-08-14 19:30:28'),
('129', '7', '1', '3', '0.00', '100.00', '2025-08-14 19:30:28', '2025-08-14 19:30:28'),
('130', '7', '1', '4', '0.00', '100.00', '2025-08-14 19:30:28', '2025-08-14 19:30:28'),
('131', '7', '1', '5', '0.00', '100.00', '2025-08-14 19:30:28', '2025-08-14 19:30:28'),
('132', '7', '1', '6', '0.00', '100.00', '2025-08-14 19:30:28', '2025-08-14 19:30:28'),
('133', '7', '1', '31', '0.00', '100.00', '2025-08-14 19:30:28', '2025-08-14 19:30:28'),
('134', '7', '2', '1', '0.00', '100.00', '2025-08-14 19:30:28', '2025-08-14 19:30:28'),
('135', '7', '2', '2', '0.00', '100.00', '2025-08-14 19:30:28', '2025-08-14 19:30:28'),
('136', '7', '2', '3', '0.00', '100.00', '2025-08-14 19:30:28', '2025-08-14 19:30:28'),
('137', '7', '2', '4', '0.00', '100.00', '2025-08-14 19:30:28', '2025-08-14 19:30:28'),
('138', '7', '2', '5', '0.00', '100.00', '2025-08-14 19:30:28', '2025-08-14 19:30:28'),
('139', '7', '2', '6', '0.00', '100.00', '2025-08-14 19:30:28', '2025-08-14 19:30:28'),
('140', '7', '2', '31', '68.00', '100.00', '2025-08-14 19:30:28', '2025-08-14 19:47:46'),
('141', '7', '3', '1', '0.00', '50.00', '2025-08-14 19:30:28', '2025-08-14 19:30:28'),
('142', '7', '3', '2', '0.00', '50.00', '2025-08-14 19:30:28', '2025-08-14 19:30:28'),
('143', '7', '3', '3', '0.00', '50.00', '2025-08-14 19:30:28', '2025-08-14 19:30:28'),
('144', '7', '3', '4', '0.00', '50.00', '2025-08-14 19:30:28', '2025-08-14 19:30:28'),
('145', '7', '3', '5', '0.00', '50.00', '2025-08-14 19:30:28', '2025-08-14 19:30:28'),
('146', '7', '3', '6', '0.00', '50.00', '2025-08-14 19:30:28', '2025-08-14 19:30:28'),
('147', '7', '3', '31', '0.00', '50.00', '2025-08-14 19:30:28', '2025-08-14 19:30:28'),
('148', '8', '1', '1', '0.00', '100.00', '2025-08-14 19:30:28', '2025-08-14 19:30:28'),
('149', '8', '1', '2', '0.00', '100.00', '2025-08-14 19:30:28', '2025-08-14 19:30:28'),
('150', '8', '1', '3', '0.00', '100.00', '2025-08-14 19:30:28', '2025-08-14 19:30:28'),
('151', '8', '1', '4', '0.00', '100.00', '2025-08-14 19:30:28', '2025-08-14 19:30:28'),
('152', '8', '1', '5', '0.00', '100.00', '2025-08-14 19:30:28', '2025-08-14 19:30:28'),
('153', '8', '1', '6', '0.00', '100.00', '2025-08-14 19:30:28', '2025-08-14 19:30:28'),
('154', '8', '1', '31', '0.00', '100.00', '2025-08-14 19:30:28', '2025-08-14 19:30:28'),
('155', '8', '2', '1', '0.00', '100.00', '2025-08-14 19:30:28', '2025-08-14 19:30:28'),
('156', '8', '2', '2', '0.00', '100.00', '2025-08-14 19:30:28', '2025-08-14 19:30:28'),
('157', '8', '2', '3', '0.00', '100.00', '2025-08-14 19:30:28', '2025-08-14 19:30:28'),
('158', '8', '2', '4', '0.00', '100.00', '2025-08-14 19:30:28', '2025-08-14 19:30:28'),
('159', '8', '2', '5', '0.00', '100.00', '2025-08-14 19:30:28', '2025-08-14 19:30:28'),
('160', '8', '2', '6', '0.00', '100.00', '2025-08-14 19:30:28', '2025-08-14 19:30:28'),
('161', '8', '2', '31', '79.00', '100.00', '2025-08-14 19:30:28', '2025-08-14 19:47:46'),
('162', '8', '3', '1', '0.00', '50.00', '2025-08-14 19:30:28', '2025-08-14 19:30:28'),
('163', '8', '3', '2', '0.00', '50.00', '2025-08-14 19:30:28', '2025-08-14 19:30:28'),
('164', '8', '3', '3', '0.00', '50.00', '2025-08-14 19:30:28', '2025-08-14 19:30:28'),
('165', '8', '3', '4', '0.00', '50.00', '2025-08-14 19:30:28', '2025-08-14 19:30:28'),
('166', '8', '3', '5', '0.00', '50.00', '2025-08-14 19:30:28', '2025-08-14 19:30:28'),
('167', '8', '3', '6', '0.00', '50.00', '2025-08-14 19:30:28', '2025-08-14 19:30:28'),
('168', '8', '3', '31', '0.00', '50.00', '2025-08-14 19:30:28', '2025-08-14 19:30:28'),
('169', '22', '1', '1', '0.00', '100.00', '2025-08-14 19:30:28', '2025-08-14 19:30:28'),
('170', '22', '1', '2', '0.00', '100.00', '2025-08-14 19:30:28', '2025-08-14 19:30:28'),
('171', '22', '1', '3', '0.00', '100.00', '2025-08-14 19:30:28', '2025-08-14 19:30:28'),
('172', '22', '1', '4', '0.00', '100.00', '2025-08-14 19:30:28', '2025-08-14 19:30:28'),
('173', '22', '1', '5', '0.00', '100.00', '2025-08-14 19:30:28', '2025-08-14 19:30:28'),
('174', '22', '1', '6', '0.00', '100.00', '2025-08-14 19:30:28', '2025-08-14 19:30:28'),
('175', '22', '1', '31', '0.00', '100.00', '2025-08-14 19:30:28', '2025-08-14 19:30:28'),
('176', '22', '2', '1', '0.00', '100.00', '2025-08-14 19:30:28', '2025-08-14 19:30:28'),
('177', '22', '2', '2', '0.00', '100.00', '2025-08-14 19:30:28', '2025-08-14 19:30:28'),
('178', '22', '2', '3', '0.00', '100.00', '2025-08-14 19:30:28', '2025-08-14 19:30:28'),
('179', '22', '2', '4', '0.00', '100.00', '2025-08-14 19:30:28', '2025-08-14 19:30:28'),
('180', '22', '2', '5', '0.00', '100.00', '2025-08-14 19:30:28', '2025-08-14 19:30:28'),
('181', '22', '2', '6', '0.00', '100.00', '2025-08-14 19:30:28', '2025-08-14 19:30:28'),
('182', '22', '2', '31', '95.50', '100.00', '2025-08-14 19:30:28', '2025-08-14 19:47:46'),
('183', '22', '3', '1', '0.00', '50.00', '2025-08-14 19:30:28', '2025-08-14 19:30:28'),
('184', '22', '3', '2', '0.00', '50.00', '2025-08-14 19:30:28', '2025-08-14 19:30:28'),
('185', '22', '3', '3', '0.00', '50.00', '2025-08-14 19:30:28', '2025-08-14 19:30:28'),
('186', '22', '3', '4', '0.00', '50.00', '2025-08-14 19:30:28', '2025-08-14 19:30:28'),
('187', '22', '3', '5', '0.00', '50.00', '2025-08-14 19:30:28', '2025-08-14 19:30:28'),
('188', '22', '3', '6', '0.00', '50.00', '2025-08-14 19:30:28', '2025-08-14 19:30:28'),
('189', '22', '3', '31', '0.00', '50.00', '2025-08-14 19:30:28', '2025-08-14 19:30:28'),
('190', '23', '1', '1', '0.00', '100.00', '2025-08-14 19:30:28', '2025-08-14 19:30:28'),
('191', '23', '1', '2', '0.00', '100.00', '2025-08-14 19:30:28', '2025-08-14 19:30:28'),
('192', '23', '1', '3', '0.00', '100.00', '2025-08-14 19:30:28', '2025-08-14 19:30:28'),
('193', '23', '1', '4', '0.00', '100.00', '2025-08-14 19:30:28', '2025-08-14 19:30:28'),
('194', '23', '1', '5', '0.00', '100.00', '2025-08-14 19:30:28', '2025-08-14 19:30:28'),
('195', '23', '1', '6', '0.00', '100.00', '2025-08-14 19:30:28', '2025-08-14 19:30:28'),
('196', '23', '1', '31', '0.00', '100.00', '2025-08-14 19:30:28', '2025-08-14 19:30:28'),
('197', '23', '2', '1', '0.00', '100.00', '2025-08-14 19:30:28', '2025-08-14 19:30:28'),
('198', '23', '2', '2', '0.00', '100.00', '2025-08-14 19:30:28', '2025-08-14 19:30:28'),
('199', '23', '2', '3', '0.00', '100.00', '2025-08-14 19:30:28', '2025-08-14 19:30:28'),
('200', '23', '2', '4', '0.00', '100.00', '2025-08-14 19:30:28', '2025-08-14 19:30:28'),
('201', '23', '2', '5', '0.00', '100.00', '2025-08-14 19:30:28', '2025-08-14 19:30:28'),
('202', '23', '2', '6', '0.00', '100.00', '2025-08-14 19:30:28', '2025-08-14 19:30:28'),
('203', '23', '2', '31', '100.00', '100.00', '2025-08-14 19:30:28', '2025-08-14 19:47:46'),
('204', '23', '3', '1', '0.00', '50.00', '2025-08-14 19:30:28', '2025-08-14 19:30:28'),
('205', '23', '3', '2', '0.00', '50.00', '2025-08-14 19:30:28', '2025-08-14 19:30:28'),
('206', '23', '3', '3', '0.00', '50.00', '2025-08-14 19:30:28', '2025-08-14 19:30:28'),
('207', '23', '3', '4', '0.00', '50.00', '2025-08-14 19:30:28', '2025-08-14 19:30:28'),
('208', '23', '3', '5', '0.00', '50.00', '2025-08-14 19:30:28', '2025-08-14 19:30:28'),
('209', '23', '3', '6', '0.00', '50.00', '2025-08-14 19:30:28', '2025-08-14 19:30:28'),
('210', '23', '3', '31', '0.00', '50.00', '2025-08-14 19:30:28', '2025-08-14 19:30:28'),
('211', '9', '4', '7', '0.00', '100.00', '2025-08-14 19:30:28', '2025-08-14 19:30:28'),
('212', '9', '4', '8', '0.00', '100.00', '2025-08-14 19:30:28', '2025-08-14 19:30:28'),
('213', '9', '4', '9', '0.00', '100.00', '2025-08-14 19:30:28', '2025-08-14 19:30:28'),
('214', '9', '4', '10', '0.00', '100.00', '2025-08-14 19:30:28', '2025-08-14 19:30:28'),
('215', '9', '4', '11', '0.00', '100.00', '2025-08-14 19:30:28', '2025-08-14 19:30:28'),
('216', '9', '4', '12', '0.00', '100.00', '2025-08-14 19:30:28', '2025-08-14 19:30:28'),
('217', '9', '5', '7', '0.00', '100.00', '2025-08-14 19:30:28', '2025-08-14 19:30:28'),
('218', '9', '5', '8', '0.00', '100.00', '2025-08-14 19:30:28', '2025-08-14 19:30:28'),
('219', '9', '5', '9', '0.00', '100.00', '2025-08-14 19:30:28', '2025-08-14 19:30:28'),
('220', '9', '5', '10', '0.00', '100.00', '2025-08-14 19:30:28', '2025-08-14 19:30:28'),
('221', '9', '5', '11', '0.00', '100.00', '2025-08-14 19:30:28', '2025-08-14 19:30:28'),
('222', '9', '5', '12', '0.00', '100.00', '2025-08-14 19:30:28', '2025-08-14 19:30:28'),
('223', '10', '4', '7', '0.00', '100.00', '2025-08-14 19:30:28', '2025-08-14 19:30:28'),
('224', '10', '4', '8', '0.00', '100.00', '2025-08-14 19:30:28', '2025-08-14 19:30:28'),
('225', '10', '4', '9', '0.00', '100.00', '2025-08-14 19:30:28', '2025-08-14 19:30:28'),
('226', '10', '4', '10', '0.00', '100.00', '2025-08-14 19:30:28', '2025-08-14 19:30:28'),
('227', '10', '4', '11', '0.00', '100.00', '2025-08-14 19:30:28', '2025-08-14 19:30:28'),
('228', '10', '4', '12', '0.00', '100.00', '2025-08-14 19:30:28', '2025-08-14 19:30:28'),
('229', '10', '5', '7', '0.00', '100.00', '2025-08-14 19:30:28', '2025-08-14 19:30:28'),
('230', '10', '5', '8', '0.00', '100.00', '2025-08-14 19:30:28', '2025-08-14 19:30:28'),
('231', '10', '5', '9', '0.00', '100.00', '2025-08-14 19:30:28', '2025-08-14 19:30:28'),
('232', '10', '5', '10', '0.00', '100.00', '2025-08-14 19:30:28', '2025-08-14 19:30:28'),
('233', '10', '5', '11', '0.00', '100.00', '2025-08-14 19:30:28', '2025-08-14 19:30:28'),
('234', '10', '5', '12', '0.00', '100.00', '2025-08-14 19:30:28', '2025-08-14 19:30:28'),
('235', '11', '4', '7', '0.00', '100.00', '2025-08-14 19:30:28', '2025-08-14 19:30:28'),
('236', '11', '4', '8', '0.00', '100.00', '2025-08-14 19:30:28', '2025-08-14 19:30:28'),
('237', '11', '4', '9', '0.00', '100.00', '2025-08-14 19:30:28', '2025-08-14 19:30:28'),
('238', '11', '4', '10', '0.00', '100.00', '2025-08-14 19:30:28', '2025-08-14 19:30:28'),
('239', '11', '4', '11', '0.00', '100.00', '2025-08-14 19:30:28', '2025-08-14 19:30:28'),
('240', '11', '4', '12', '0.00', '100.00', '2025-08-14 19:30:28', '2025-08-14 19:30:28'),
('241', '11', '5', '7', '0.00', '100.00', '2025-08-14 19:30:28', '2025-08-14 19:30:28'),
('242', '11', '5', '8', '0.00', '100.00', '2025-08-14 19:30:28', '2025-08-14 19:30:28'),
('243', '11', '5', '9', '0.00', '100.00', '2025-08-14 19:30:28', '2025-08-14 19:30:28'),
('244', '11', '5', '10', '0.00', '100.00', '2025-08-14 19:30:28', '2025-08-14 19:30:28'),
('245', '11', '5', '11', '0.00', '100.00', '2025-08-14 19:30:28', '2025-08-14 19:30:28'),
('246', '11', '5', '12', '0.00', '100.00', '2025-08-14 19:30:28', '2025-08-14 19:30:28'),
('247', '12', '4', '7', '0.00', '100.00', '2025-08-14 19:30:28', '2025-08-14 19:30:28'),
('248', '12', '4', '8', '0.00', '100.00', '2025-08-14 19:30:28', '2025-08-14 19:30:28'),
('249', '12', '4', '9', '0.00', '100.00', '2025-08-14 19:30:28', '2025-08-14 19:30:28'),
('250', '12', '4', '10', '0.00', '100.00', '2025-08-14 19:30:28', '2025-08-14 19:30:28'),
('251', '12', '4', '11', '0.00', '100.00', '2025-08-14 19:30:28', '2025-08-14 19:30:28'),
('252', '12', '4', '12', '0.00', '100.00', '2025-08-14 19:30:28', '2025-08-14 19:30:28'),
('253', '12', '5', '7', '0.00', '100.00', '2025-08-14 19:30:28', '2025-08-14 19:30:28'),
('254', '12', '5', '8', '0.00', '100.00', '2025-08-14 19:30:28', '2025-08-14 19:30:28'),
('255', '12', '5', '9', '0.00', '100.00', '2025-08-14 19:30:28', '2025-08-14 19:30:28'),
('256', '12', '5', '10', '0.00', '100.00', '2025-08-14 19:30:28', '2025-08-14 19:30:28'),
('257', '12', '5', '11', '0.00', '100.00', '2025-08-14 19:30:28', '2025-08-14 19:30:28'),
('258', '12', '5', '12', '0.00', '100.00', '2025-08-14 19:30:28', '2025-08-14 19:30:28'),
('259', '13', '4', '7', '0.00', '100.00', '2025-08-14 19:30:28', '2025-08-14 19:30:28'),
('260', '13', '4', '8', '0.00', '100.00', '2025-08-14 19:30:28', '2025-08-14 19:30:28'),
('261', '13', '4', '9', '0.00', '100.00', '2025-08-14 19:30:28', '2025-08-14 19:30:28'),
('262', '13', '4', '10', '0.00', '100.00', '2025-08-14 19:30:28', '2025-08-14 19:30:28'),
('263', '13', '4', '11', '0.00', '100.00', '2025-08-14 19:30:28', '2025-08-14 19:30:28'),
('264', '13', '4', '12', '0.00', '100.00', '2025-08-14 19:30:28', '2025-08-14 19:30:28'),
('265', '13', '5', '7', '0.00', '100.00', '2025-08-14 19:30:28', '2025-08-14 19:30:28'),
('266', '13', '5', '8', '0.00', '100.00', '2025-08-14 19:30:28', '2025-08-14 19:30:28'),
('267', '13', '5', '9', '0.00', '100.00', '2025-08-14 19:30:28', '2025-08-14 19:30:28'),
('268', '13', '5', '10', '0.00', '100.00', '2025-08-14 19:30:28', '2025-08-14 19:30:28'),
('269', '13', '5', '11', '0.00', '100.00', '2025-08-14 19:30:28', '2025-08-14 19:30:28'),
('270', '13', '5', '12', '0.00', '100.00', '2025-08-14 19:30:28', '2025-08-14 19:30:28'),
('271', '14', '4', '7', '0.00', '100.00', '2025-08-14 19:30:28', '2025-08-14 19:30:28'),
('272', '14', '4', '8', '0.00', '100.00', '2025-08-14 19:30:28', '2025-08-14 19:30:28'),
('273', '14', '4', '9', '0.00', '100.00', '2025-08-14 19:30:28', '2025-08-14 19:30:28'),
('274', '14', '4', '10', '0.00', '100.00', '2025-08-14 19:30:28', '2025-08-14 19:30:28'),
('275', '14', '4', '11', '0.00', '100.00', '2025-08-14 19:30:28', '2025-08-14 19:30:28'),
('276', '14', '4', '12', '0.00', '100.00', '2025-08-14 19:30:28', '2025-08-14 19:30:28'),
('277', '14', '5', '7', '0.00', '100.00', '2025-08-14 19:30:28', '2025-08-14 19:30:28'),
('278', '14', '5', '8', '0.00', '100.00', '2025-08-14 19:30:28', '2025-08-14 19:30:28'),
('279', '14', '5', '9', '0.00', '100.00', '2025-08-14 19:30:28', '2025-08-14 19:30:28'),
('280', '14', '5', '10', '0.00', '100.00', '2025-08-14 19:30:28', '2025-08-14 19:30:28'),
('281', '14', '5', '11', '0.00', '100.00', '2025-08-14 19:30:28', '2025-08-14 19:30:28'),
('282', '14', '5', '12', '0.00', '100.00', '2025-08-14 19:30:28', '2025-08-14 19:30:28');

COMMIT;
SET FOREIGN_KEY_CHECKS = 1;
-- Backup completed successfully
