-- =====================================================
-- SRMS Database Backup
-- Generated: 2025-08-24 14:34:46
-- Database: srms_db
-- =====================================================

SET FOREIGN_KEY_CHECKS = 0;
SET SQL_MODE = 'NO_AUTO_VALUE_ON_ZERO';
SET AUTOCOMMIT = 0;
START TRANSACTION;


-- =====================================================
-- Table structure for `school`
-- =====================================================

DROP TABLE IF EXISTS `school`;

CREATE TABLE `school` (
  `school_id` int(11) NOT NULL AUTO_INCREMENT,
  `school_name` varchar(255) NOT NULL,
  `school_address` varchar(255) DEFAULT NULL,
  `principal_name` varchar(255) DEFAULT 'Not specified',
  `principal_username` varchar(100) DEFAULT NULL,
  `status` enum('active','inactive') DEFAULT 'active',
  PRIMARY KEY (`school_id`),
  UNIQUE KEY `school_name` (`school_name`)
) ENGINE=InnoDB AUTO_INCREMENT=11 DEFAULT CHARSET=utf8mb4 COLLATE=utf8mb4_general_ci;

-- =====================================================
-- Dumping data for table `school`
-- =====================================================

INSERT INTO `school` VALUES
('1', 'Delhi Public School, Hyderabad', 'Road No. 12, Banjara Hills, Hyderabad, Telangana 50003\r\n', 'Dr. Paavan Parekh', 'Paavan.principal', 'active'),
('2', 'Kendriya Vidyalaya, Bangalore', 'Old Airport Road, Vimanapura, Bangalore, Karnataka 560017', 'Dr. Meet Parekh', 'Meet.Principal', 'active'),
('3', 'St. Xavier\'s Collegiate School, Kolkata', '30 Park Street, Kolkata, West Bengal 700016', 'Not specified', NULL, 'active'),
('4', 'DAV Public School, Mumbai', 'Linking Road, Bandra West, Mumbai, Maharashtra 400050', 'Dr. Param Parekh', 'Param.Principal', 'active'),
('5', 'Ryan International School, Delhi', 'Sector 25, Rohini, Delhi 110085', 'Not specified', NULL, 'active'),
('6', 'Mogar High School', 'Mogar', 'Not specified', NULL, 'active'),
('7', 'Knowledge', 'Bakrol', 'Dr. Krupa Parekh', 'Krupa.Principal', 'active'),
('8', 'Sardar Patel Vidyamandir', 'Near Mahadev Mandir, Vasad', 'Jatin P. Patel', 'Jatin.Principal', 'active'),
('9', 'DAS', 'Opp. Chakli circle, Mumbai-360005', 'Paavan Parekh', 'paavanparekh209', 'active'),
('10', 'Kendriya Vidyalaya,HYD', 'Hyderabad', 'Param Parekh', 'paramparekh393', 'active');


-- =====================================================
-- Table structure for `user`
-- =====================================================

DROP TABLE IF EXISTS `user`;

CREATE TABLE `user` (
  `user_id` int(11) NOT NULL AUTO_INCREMENT,
  `username` varchar(255) NOT NULL,
  `password` varchar(255) NOT NULL,
  `fullname` varchar(255) NOT NULL,
  `role` enum('student','teacher','principal','admin') NOT NULL,
  `school_id` int(11) NOT NULL,
  PRIMARY KEY (`user_id`),
  UNIQUE KEY `username` (`username`),
  KEY `school_id` (`school_id`),
  CONSTRAINT `user_ibfk_1` FOREIGN KEY (`school_id`) REFERENCES `school` (`school_id`)
) ENGINE=InnoDB AUTO_INCREMENT=51 DEFAULT CHARSET=utf8mb4 COLLATE=utf8mb4_general_ci;

-- =====================================================
-- Dumping data for table `user`
-- =====================================================

INSERT INTO `user` VALUES
('1', 'srms.admin', 'admin', 'SRMS Administrator', 'admin', '1'),
('2', 'priya.principal', 'principalpass123', 'Dr. Priya Sharma', 'principal', '1'),
('3', 'sanjay.principal', 'principalpass123', 'Mr. Sanjay Kumar', 'principal', '2'),
('4', 'thomas.principal', 'principalpass123', 'Fr. Thomas Varghese', 'principal', '3'),
('5', 'meera.principal', 'principalpass123', 'Mrs. Meera Patel', 'principal', '4'),
('6', 'rajesh.principal', 'principalpass123', 'Dr. Rajesh Gupta', 'principal', '5'),
('7', 'anita.math', 'teacherpass123', 'Ms. Anita Reddy', 'teacher', '1'),
('8', 'rajesh.sci', 'teacherpass123', 'Mr. Rajesh Singh', 'teacher', '1'),
('9', 'kavya.eng', 'teacherpass123', 'Ms. Kavya Nair', 'teacher', '1'),
('10', 'suresh.soc', 'teacherpass123', 'Mr. Suresh Rao', 'teacher', '1'),
('11', 'deepa.hin', 'teacherpass123', 'Mrs. Deepa Sharma', 'teacher', '1'),
('12', 'pooja.eng', 'teacherpass123', 'Ms. Pooja Gupta', 'teacher', '2'),
('13', 'ramesh.math', 'teacherpass123', 'Mr. Ramesh Kumar', 'teacher', '2'),
('14', 'sunita.sci', 'teacherpass123', 'Mrs. Sunita Joshi', 'teacher', '2'),
('15', 'vikram.hin', 'teacherpass123', 'Mr. Vikram Singh', 'teacher', '2'),
('16', 'amit.hist', 'teacherpass123', 'Mr. Amit Verma', 'teacher', '3'),
('17', 'rita.phy', 'teacherpass123', 'Mrs. Rita Das', 'teacher', '3'),
('18', 'subhash.che', 'teacherpass123', 'Dr. Subhash Bose', 'teacher', '3'),
('19', 'maya.bio', 'teacherpass123', 'Ms. Maya Chatterjee', 'teacher', '3'),
('21', 'riya.dps', 'studentpass123', 'Riya Sharma', 'student', '1'),
('22', 'karthik.dps', 'studentpass123', 'Karthik Reddy', 'student', '1'),
('23', 'priya.dps', 'studentpass123', 'Priya Nair', 'student', '1'),
('24', 'rohit.dps', 'studentpass123', 'Rohit Kumar', 'student', '1'),
('25', 'sneha.dps', 'studentpass123', 'Sneha Patel', 'student', '1'),
('26', 'arun.dps', 'studentpass123', 'Arun Rao', 'student', '1'),
('27', 'divya.dps', 'studentpass123', 'Divya Singh', 'student', '1'),
('28', 'kiran.kv', 'studentpass123', 'Kiran Rao', 'student', '2'),
('29', 'sara.kv', 'studentpass123', 'Sara Khan', 'student', '2'),
('30', 'manish.kv', 'studentpass123', 'Manish Gupta', 'student', '2'),
('31', 'ananya.kv', 'studentpass123', 'Ananya Joshi', 'student', '2'),
('32', 'rahul.kv', 'studentpass123', 'Rahul Singh', 'student', '2'),
('33', 'kavitha.kv', 'studentpass123', 'Kavitha Kumar', 'student', '2'),
('34', 'vivek.sx', 'studentpass123', 'Vivek Das', 'student', '3'),
('35', 'isha.sx', 'studentpass123', 'Isha Bose', 'student', '3'),
('36', 'aritra.sx', 'studentpass123', 'Aritra Ghosh', 'student', '3'),
('37', 'shreya.sx', 'studentpass123', 'Shreya Mukherjee', 'student', '3'),
('38', 'sourav.sx', 'studentpass123', 'Sourav Roy', 'student', '3'),
('39', 'ritu.sx', 'studentpass123', 'Ritu Chatterjee', 'student', '3'),
('40', 'Param.Principal', '710708', 'Param Parekh', 'principal', '7'),
('41', 'Meet.Kn', 'studentpass123', 'Meet Parekh', 'student', '7'),
('42', 'Nikhil.Kn', '110011', 'Nikhil Kulkarni', 'teacher', '7'),
('43', 'john.doe', 'password123', 'John Doe', 'student', '1'),
('44', 'jane.smith', 'password123', 'Jane Smith', 'student', '1'),
('46', 'spandan.dps', 'teacherpass123', 'Spandan Parikh', 'teacher', '1'),
('47', 'paavanparekh209', 'principal5726', 'Paavan Parekh', 'principal', '9'),
('48', 'Karthik.DA', 'teacherpass123', 'Karthik Ready', 'teacher', '9'),
('49', 'paramparekh393', 'principal3722', 'Param Parekh', 'principal', '10'),
('50', 'Jane.De', 'teacherpass123', 'Jane Smith', 'teacher', '1');


-- =====================================================
-- Table structure for `class`
-- =====================================================

DROP TABLE IF EXISTS `class`;

CREATE TABLE `class` (
  `class_id` int(11) NOT NULL AUTO_INCREMENT,
  `class_name` varchar(10) NOT NULL,
  `division` varchar(10) NOT NULL,
  `school_id` int(11) NOT NULL,
  PRIMARY KEY (`class_id`),
  UNIQUE KEY `class_name` (`class_name`,`division`,`school_id`),
  KEY `school_id` (`school_id`),
  CONSTRAINT `class_ibfk_1` FOREIGN KEY (`school_id`) REFERENCES `school` (`school_id`)
) ENGINE=InnoDB AUTO_INCREMENT=22 DEFAULT CHARSET=utf8mb4 COLLATE=utf8mb4_general_ci;

-- =====================================================
-- Dumping data for table `class`
-- =====================================================

INSERT INTO `class` VALUES
('18', '1', 'A', '7'),
('1', '10', 'A', '1'),
('13', '10', 'A', '4'),
('2', '10', 'B', '1'),
('14', '10', 'B', '4'),
('19', '10', 'B', '7'),
('17', '11', 'A', '1'),
('10', '11', 'Commerce', '3'),
('21', '11', 'Science', '1'),
('9', '11', 'Science', '3'),
('20', '11', 'Science', '7'),
('12', '12', 'Commerce', '3'),
('11', '12', 'Science', '3'),
('7', '8', 'A', '2'),
('8', '8', 'B', '2'),
('3', '9', 'A', '1'),
('5', '9', 'A', '2'),
('15', '9', 'A', '5'),
('4', '9', 'B', '1'),
('6', '9', 'B', '2'),
('16', '9', 'B', '5');


-- =====================================================
-- Table structure for `subject`
-- =====================================================

DROP TABLE IF EXISTS `subject`;

CREATE TABLE `subject` (
  `subject_id` int(11) NOT NULL AUTO_INCREMENT,
  `subject_name` varchar(255) NOT NULL,
  `school_id` int(11) NOT NULL,
  PRIMARY KEY (`subject_id`),
  UNIQUE KEY `subject_name` (`subject_name`,`school_id`),
  KEY `school_id` (`school_id`),
  CONSTRAINT `subject_ibfk_1` FOREIGN KEY (`school_id`) REFERENCES `school` (`school_id`)
) ENGINE=InnoDB AUTO_INCREMENT=32 DEFAULT CHARSET=utf8mb4 COLLATE=utf8mb4_general_ci;

-- =====================================================
-- Dumping data for table `subject`
-- =====================================================

INSERT INTO `subject` VALUES
('20', 'Accountancy', '3'),
('15', 'Biology', '3'),
('14', 'Chemistry', '3'),
('6', 'Computer Science', '1'),
('19', 'Economics', '3'),
('3', 'English', '1'),
('9', 'English', '2'),
('17', 'English', '3'),
('23', 'English', '4'),
('28', 'English', '5'),
('5', 'Hindi', '1'),
('10', 'Hindi', '2'),
('25', 'Hindi', '4'),
('29', 'Hindi', '5'),
('18', 'History', '3'),
('24', 'Marathi', '4'),
('1', 'Mathematics', '1'),
('7', 'Mathematics', '2'),
('16', 'Mathematics', '3'),
('21', 'Mathematics', '4'),
('26', 'Mathematics', '5'),
('31', 'Mathematics-1', '1'),
('13', 'Physics', '3'),
('11', 'Sanskrit', '2'),
('2', 'Science', '1'),
('8', 'Science', '2'),
('22', 'Science', '4'),
('27', 'Science', '5'),
('4', 'Social Science', '1'),
('30', 'Social Science', '5'),
('12', 'Social Studies', '2');


-- =====================================================
-- Table structure for `teacher`
-- =====================================================

DROP TABLE IF EXISTS `teacher`;

CREATE TABLE `teacher` (
  `teacher_id` int(11) NOT NULL AUTO_INCREMENT,
  `user_id` int(11) NOT NULL,
  `school_id` int(11) NOT NULL,
  PRIMARY KEY (`teacher_id`),
  UNIQUE KEY `user_id` (`user_id`),
  KEY `school_id` (`school_id`),
  CONSTRAINT `teacher_ibfk_1` FOREIGN KEY (`user_id`) REFERENCES `user` (`user_id`),
  CONSTRAINT `teacher_ibfk_2` FOREIGN KEY (`school_id`) REFERENCES `school` (`school_id`)
) ENGINE=InnoDB AUTO_INCREMENT=19 DEFAULT CHARSET=utf8mb4 COLLATE=utf8mb4_general_ci;

-- =====================================================
-- Dumping data for table `teacher`
-- =====================================================

INSERT INTO `teacher` VALUES
('1', '7', '1'),
('2', '8', '1'),
('3', '9', '1'),
('4', '10', '1'),
('5', '11', '1'),
('6', '12', '2'),
('7', '13', '2'),
('8', '14', '2'),
('9', '15', '2'),
('10', '16', '3'),
('11', '17', '3'),
('12', '18', '3'),
('13', '19', '3'),
('14', '42', '7'),
('16', '46', '1'),
('17', '48', '9'),
('18', '50', '1');


-- =====================================================
-- Table structure for `student`
-- =====================================================

DROP TABLE IF EXISTS `student`;

CREATE TABLE `student` (
  `student_id` int(11) NOT NULL AUTO_INCREMENT,
  `roll_number` varchar(50) NOT NULL,
  `user_id` int(11) NOT NULL,
  `class_id` int(11) NOT NULL,
  `school_id` int(11) NOT NULL,
  PRIMARY KEY (`student_id`),
  UNIQUE KEY `user_id` (`user_id`),
  UNIQUE KEY `roll_number` (`roll_number`,`class_id`,`school_id`),
  KEY `class_id` (`class_id`),
  KEY `school_id` (`school_id`),
  CONSTRAINT `student_ibfk_1` FOREIGN KEY (`user_id`) REFERENCES `user` (`user_id`),
  CONSTRAINT `student_ibfk_2` FOREIGN KEY (`class_id`) REFERENCES `class` (`class_id`),
  CONSTRAINT `student_ibfk_3` FOREIGN KEY (`school_id`) REFERENCES `school` (`school_id`)
) ENGINE=InnoDB AUTO_INCREMENT=24 DEFAULT CHARSET=utf8mb4 COLLATE=utf8mb4_general_ci;

-- =====================================================
-- Dumping data for table `student`
-- =====================================================

INSERT INTO `student` VALUES
('1', 'DPS001', '21', '1', '1'),
('2', 'DPS002', '22', '1', '1'),
('3', 'DPS003', '23', '1', '1'),
('4', 'DPS004', '24', '1', '1'),
('5', 'DPS005', '25', '2', '1'),
('6', 'DPS006', '26', '2', '1'),
('7', 'DPS007', '27', '2', '1'),
('8', 'DPS008', '28', '2', '1'),
('9', 'KV001', '29', '5', '2'),
('10', 'KV002', '30', '5', '2'),
('11', 'KV003', '31', '5', '2'),
('12', 'KV004', '32', '6', '2'),
('13', 'KV005', '33', '6', '2'),
('14', 'KV006', '34', '6', '2'),
('15', 'SX001', '35', '9', '3'),
('16', 'SX002', '36', '9', '3'),
('17', 'SX003', '37', '9', '3'),
('18', 'SX004', '38', '10', '3'),
('19', 'SX005', '39', '10', '3'),
('20', 'SX006', '40', '10', '3'),
('21', 'Kn001', '41', '20', '7'),
('22', 'DPS009', '43', '1', '1'),
('23', 'DPS010', '44', '1', '1');


-- =====================================================
-- Table structure for `teacher_class_subject`
-- =====================================================

DROP TABLE IF EXISTS `teacher_class_subject`;

CREATE TABLE `teacher_class_subject` (
  `teacher_class_subject_id` int(11) NOT NULL AUTO_INCREMENT,
  `teacher_id` int(11) NOT NULL,
  `class_id` int(11) NOT NULL,
  `subject_id` int(11) NOT NULL,
  PRIMARY KEY (`teacher_class_subject_id`),
  UNIQUE KEY `teacher_id` (`teacher_id`,`class_id`,`subject_id`),
  KEY `class_id` (`class_id`),
  KEY `subject_id` (`subject_id`),
  CONSTRAINT `teacher_class_subject_ibfk_1` FOREIGN KEY (`teacher_id`) REFERENCES `teacher` (`teacher_id`),
  CONSTRAINT `teacher_class_subject_ibfk_2` FOREIGN KEY (`class_id`) REFERENCES `class` (`class_id`),
  CONSTRAINT `teacher_class_subject_ibfk_3` FOREIGN KEY (`subject_id`) REFERENCES `subject` (`subject_id`)
) ENGINE=InnoDB AUTO_INCREMENT=38 DEFAULT CHARSET=utf8mb4 COLLATE=utf8mb4_general_ci;

-- =====================================================
-- Dumping data for table `teacher_class_subject`
-- =====================================================

INSERT INTO `teacher_class_subject` VALUES
('1', '1', '1', '1'),
('2', '1', '2', '1'),
('3', '2', '1', '2'),
('4', '2', '2', '2'),
('5', '3', '1', '3'),
('6', '3', '2', '3'),
('7', '4', '1', '4'),
('8', '4', '2', '4'),
('9', '5', '1', '5'),
('10', '5', '2', '5'),
('11', '6', '5', '9'),
('12', '6', '6', '9'),
('13', '7', '5', '7'),
('14', '7', '6', '7'),
('15', '8', '5', '8'),
('16', '8', '6', '8'),
('24', '8', '8', '11'),
('17', '9', '5', '10'),
('18', '9', '6', '10'),
('23', '9', '8', '7'),
('19', '10', '9', '18'),
('20', '11', '9', '13'),
('21', '12', '9', '14'),
('22', '13', '9', '15'),
('37', '16', '17', '4'),
('36', '18', '21', '1');


-- =====================================================
-- Table structure for `exam`
-- =====================================================

DROP TABLE IF EXISTS `exam`;

CREATE TABLE `exam` (
  `exam_id` int(11) NOT NULL AUTO_INCREMENT,
  `exam_name` varchar(100) NOT NULL,
  `exam_type` enum('term1','term2','unit_test','final') NOT NULL,
  `start_date` date NOT NULL,
  `end_date` date NOT NULL,
  `total_marks` decimal(5,2) NOT NULL DEFAULT 100.00,
  `school_id` int(11) NOT NULL,
  `status` enum('upcoming','ongoing','completed') DEFAULT 'upcoming',
  `created_at` timestamp NOT NULL DEFAULT current_timestamp(),
  PRIMARY KEY (`exam_id`),
  UNIQUE KEY `unique_exam` (`exam_name`,`school_id`),
  KEY `school_id` (`school_id`),
  CONSTRAINT `exam_ibfk_1` FOREIGN KEY (`school_id`) REFERENCES `school` (`school_id`)
) ENGINE=InnoDB AUTO_INCREMENT=6 DEFAULT CHARSET=utf8mb4 COLLATE=utf8mb4_general_ci;

-- =====================================================
-- Dumping data for table `exam`
-- =====================================================

INSERT INTO `exam` VALUES
('1', 'Mid Term Exam - Term 1', 'term1', '2025-02-15', '2025-02-25', '100.00', '1', 'upcoming', '2025-08-14 18:41:51'),
('2', 'Final Exam - Term 1', 'term1', '2025-04-01', '2025-04-10', '100.00', '1', 'upcoming', '2025-08-14 18:41:51'),
('3', 'Unit Test 1', 'unit_test', '2025-01-20', '2025-01-22', '50.00', '1', 'completed', '2025-08-14 18:41:51'),
('4', 'Mid Term Exam - Term 1', 'term1', '2025-02-15', '2025-02-25', '100.00', '2', 'upcoming', '2025-08-14 18:41:51'),
('5', 'Final Exam - Term 1', 'term1', '2025-04-01', '2025-04-10', '100.00', '2', 'upcoming', '2025-08-14 18:41:51');


-- =====================================================
-- Table structure for `examresult`
-- =====================================================

DROP TABLE IF EXISTS `examresult`;

CREATE TABLE `examresult` (
  `exam_result_id` int(11) NOT NULL AUTO_INCREMENT,
  `student_id` int(11) NOT NULL,
  `exam_id` int(11) NOT NULL,
  `subject_id` int(11) NOT NULL,
  `marks_obtained` decimal(5,2) DEFAULT 0.00,
  `total_marks` decimal(5,2) NOT NULL,
  `recorded_at` timestamp NOT NULL DEFAULT current_timestamp(),
  `updated_at` timestamp NOT NULL DEFAULT current_timestamp() ON UPDATE current_timestamp(),
  PRIMARY KEY (`exam_result_id`),
  UNIQUE KEY `unique_exam_result` (`student_id`,`exam_id`,`subject_id`),
  KEY `exam_id` (`exam_id`),
  KEY `subject_id` (`subject_id`),
  CONSTRAINT `examresult_ibfk_1` FOREIGN KEY (`student_id`) REFERENCES `student` (`student_id`) ON DELETE CASCADE,
  CONSTRAINT `examresult_ibfk_2` FOREIGN KEY (`exam_id`) REFERENCES `exam` (`exam_id`) ON DELETE CASCADE,
  CONSTRAINT `examresult_ibfk_3` FOREIGN KEY (`subject_id`) REFERENCES `subject` (`subject_id`) ON DELETE CASCADE
) ENGINE=InnoDB AUTO_INCREMENT=847 DEFAULT CHARSET=utf8mb4 COLLATE=utf8mb4_general_ci;

-- =====================================================
-- Dumping data for table `examresult`
-- =====================================================

INSERT INTO `examresult` VALUES
('14', '1', '2', '31', '100.00', '100.00', '2025-08-14 19:30:27', '2025-08-24 17:34:33'),
('35', '2', '2', '31', '95.88', '100.00', '2025-08-14 19:30:28', '2025-08-24 17:34:33'),
('56', '3', '2', '31', '100.00', '100.00', '2025-08-14 19:30:28', '2025-08-24 17:34:33'),
('77', '4', '2', '31', '70.36', '100.00', '2025-08-14 19:30:28', '2025-08-24 17:34:34'),
('119', '6', '2', '31', '64.12', '100.00', '2025-08-14 19:30:28', '2025-08-24 17:34:34'),
('161', '8', '2', '31', '48.01', '100.00', '2025-08-14 19:30:28', '2025-08-24 17:34:34'),
('182', '22', '2', '31', '52.90', '100.00', '2025-08-14 19:30:28', '2025-08-24 17:34:34'),
('203', '23', '2', '31', '84.49', '100.00', '2025-08-14 19:30:28', '2025-08-24 17:34:34'),
('283', '1', '1', '1', '80.80', '100.00', '2025-08-24 17:32:20', '2025-08-24 17:34:33'),
('284', '1', '1', '2', '25.00', '100.00', '2025-08-24 17:32:20', '2025-08-24 17:34:33'),
('285', '1', '1', '3', '73.06', '100.00', '2025-08-24 17:32:20', '2025-08-24 17:34:33'),
('286', '1', '1', '4', '100.00', '100.00', '2025-08-24 17:32:20', '2025-08-24 17:32:20'),
('287', '1', '1', '5', '89.12', '100.00', '2025-08-24 17:32:20', '2025-08-24 17:34:33'),
('289', '1', '1', '31', '78.39', '100.00', '2025-08-24 17:32:20', '2025-08-24 17:34:33'),
('290', '1', '2', '1', '25.00', '100.00', '2025-08-24 17:32:20', '2025-08-24 17:34:33'),
('291', '1', '2', '2', '69.21', '100.00', '2025-08-24 17:32:20', '2025-08-24 17:34:33'),
('292', '1', '2', '3', '66.79', '100.00', '2025-08-24 17:32:20', '2025-08-24 17:34:33'),
('293', '1', '2', '4', '92.76', '100.00', '2025-08-24 17:32:20', '2025-08-24 17:34:33'),
('294', '1', '2', '5', '25.00', '100.00', '2025-08-24 17:32:20', '2025-08-24 17:34:33'),
('295', '1', '2', '6', '82.06', '100.00', '2025-08-24 17:32:20', '2025-08-24 17:34:33'),
('297', '1', '3', '1', '42.04', '50.00', '2025-08-24 17:32:20', '2025-08-24 17:34:33'),
('298', '1', '3', '2', '50.00', '50.00', '2025-08-24 17:32:20', '2025-08-24 17:34:33'),
('299', '1', '3', '3', '37.99', '50.00', '2025-08-24 17:32:20', '2025-08-24 17:34:33'),
('300', '1', '3', '4', '12.50', '50.00', '2025-08-24 17:32:20', '2025-08-24 17:34:33'),
('301', '1', '3', '5', '38.55', '50.00', '2025-08-24 17:32:20', '2025-08-24 17:34:33'),
('302', '1', '3', '6', '12.50', '50.00', '2025-08-24 17:32:20', '2025-08-24 17:34:33'),
('303', '1', '3', '31', '39.63', '50.00', '2025-08-24 17:32:20', '2025-08-24 17:34:33'),
('304', '2', '1', '1', '25.00', '100.00', '2025-08-24 17:32:20', '2025-08-24 17:34:33'),
('305', '2', '1', '2', '87.24', '100.00', '2025-08-24 17:32:20', '2025-08-24 17:34:33'),
('306', '2', '1', '3', '100.00', '100.00', '2025-08-24 17:32:20', '2025-08-24 17:32:20'),
('307', '2', '1', '4', '85.62', '100.00', '2025-08-24 17:32:20', '2025-08-24 17:34:33'),
('308', '2', '1', '5', '25.00', '100.00', '2025-08-24 17:32:20', '2025-08-24 17:34:33'),
('309', '2', '1', '6', '75.41', '100.00', '2025-08-24 17:32:20', '2025-08-24 17:34:33'),
('311', '2', '2', '1', '50.67', '100.00', '2025-08-24 17:32:20', '2025-08-24 17:34:33'),
('312', '2', '2', '2', '100.00', '100.00', '2025-08-24 17:32:20', '2025-08-24 17:34:33'),
('313', '2', '2', '3', '53.29', '100.00', '2025-08-24 17:32:20', '2025-08-24 17:34:33'),
('315', '2', '2', '5', '82.36', '100.00', '2025-08-24 17:32:20', '2025-08-24 17:34:33'),
('316', '2', '2', '6', '25.00', '100.00', '2025-08-24 17:32:20', '2025-08-24 17:34:33'),
('318', '2', '3', '1', '50.00', '50.00', '2025-08-24 17:32:20', '2025-08-24 17:32:20'),
('319', '2', '3', '2', '47.62', '50.00', '2025-08-24 17:32:20', '2025-08-24 17:34:33'),
('321', '2', '3', '4', '39.41', '50.00', '2025-08-24 17:32:20', '2025-08-24 17:34:33'),
('323', '2', '3', '6', '42.94', '50.00', '2025-08-24 17:32:20', '2025-08-24 17:34:33'),
('324', '2', '3', '31', '50.00', '50.00', '2025-08-24 17:32:20', '2025-08-24 17:32:20'),
('325', '3', '1', '1', '63.51', '100.00', '2025-08-24 17:32:20', '2025-08-24 17:34:33'),
('326', '3', '1', '2', '25.00', '100.00', '2025-08-24 17:32:20', '2025-08-24 17:34:33'),
('327', '3', '1', '3', '58.29', '100.00', '2025-08-24 17:32:20', '2025-08-24 17:34:33'),
('329', '3', '1', '5', '68.20', '100.00', '2025-08-24 17:32:20', '2025-08-24 17:34:33'),
('331', '3', '1', '31', '75.08', '100.00', '2025-08-24 17:32:20', '2025-08-24 17:34:33'),
('333', '3', '2', '2', '59.44', '100.00', '2025-08-24 17:32:20', '2025-08-24 17:34:33'),
('335', '3', '2', '4', '54.81', '100.00', '2025-08-24 17:32:20', '2025-08-24 17:34:33'),
('336', '3', '2', '5', '79.59', '100.00', '2025-08-24 17:32:20', '2025-08-24 17:34:33'),
('337', '3', '2', '6', '68.63', '100.00', '2025-08-24 17:32:20', '2025-08-24 17:34:33'),
('339', '3', '3', '1', '38.81', '50.00', '2025-08-24 17:32:20', '2025-08-24 17:34:33'),
('341', '3', '3', '3', '36.29', '50.00', '2025-08-24 17:32:20', '2025-08-24 17:34:33'),
('343', '3', '3', '5', '34.60', '50.00', '2025-08-24 17:32:20', '2025-08-24 17:34:33'),
('344', '3', '3', '6', '50.00', '50.00', '2025-08-24 17:32:20', '2025-08-24 17:34:33'),
('345', '3', '3', '31', '39.56', '50.00', '2025-08-24 17:32:20', '2025-08-24 17:34:33'),
('346', '4', '1', '1', '40.19', '100.00', '2025-08-24 17:32:20', '2025-08-24 17:34:33'),
('347', '4', '1', '2', '80.99', '100.00', '2025-08-24 17:32:20', '2025-08-24 17:34:33'),
('348', '4', '1', '3', '25.00', '100.00', '2025-08-24 17:32:20', '2025-08-24 17:34:33'),
('349', '4', '1', '4', '65.97', '100.00', '2025-08-24 17:32:20', '2025-08-24 17:34:33'),
('351', '4', '1', '6', '100.00', '100.00', '2025-08-24 17:32:20', '2025-08-24 17:34:34'),
('352', '4', '1', '31', '63.88', '100.00', '2025-08-24 17:32:20', '2025-08-24 17:34:34'),
('353', '4', '2', '1', '69.53', '100.00', '2025-08-24 17:32:20', '2025-08-24 17:34:34'),
('354', '4', '2', '2', '25.00', '100.00', '2025-08-24 17:32:20', '2025-08-24 17:34:34'),
('355', '4', '2', '3', '85.84', '100.00', '2025-08-24 17:32:20', '2025-08-24 17:34:34'),
('357', '4', '2', '5', '60.38', '100.00', '2025-08-24 17:32:20', '2025-08-24 17:34:34'),
('358', '4', '2', '6', '25.00', '100.00', '2025-08-24 17:32:20', '2025-08-24 17:34:34'),
('360', '4', '3', '1', '12.50', '50.00', '2025-08-24 17:32:20', '2025-08-24 17:34:34'),
('361', '4', '3', '2', '37.66', '50.00', '2025-08-24 17:32:20', '2025-08-24 17:34:34'),
('363', '4', '3', '4', '39.42', '50.00', '2025-08-24 17:32:20', '2025-08-24 17:34:34'),
('364', '4', '3', '5', '50.00', '50.00', '2025-08-24 17:32:20', '2025-08-24 17:32:20'),
('365', '4', '3', '6', '39.50', '50.00', '2025-08-24 17:32:20', '2025-08-24 17:34:34'),
('366', '4', '3', '31', '50.00', '50.00', '2025-08-24 17:32:20', '2025-08-24 17:32:20'),
('367', '5', '1', '1', '71.56', '100.00', '2025-08-24 17:32:20', '2025-08-24 17:34:34'),
('368', '5', '1', '2', '25.00', '100.00', '2025-08-24 17:32:20', '2025-08-24 17:34:34'),
('369', '5', '1', '3', '82.23', '100.00', '2025-08-24 17:32:20', '2025-08-24 17:34:34'),
('370', '5', '1', '4', '25.00', '100.00', '2025-08-24 17:32:20', '2025-08-24 17:34:34'),
('371', '5', '1', '5', '86.04', '100.00', '2025-08-24 17:32:20', '2025-08-24 17:34:34'),
('372', '5', '1', '6', '100.00', '100.00', '2025-08-24 17:32:20', '2025-08-24 17:32:20'),
('373', '5', '1', '31', '88.18', '100.00', '2025-08-24 17:32:20', '2025-08-24 17:34:34'),
('374', '5', '2', '1', '100.00', '100.00', '2025-08-24 17:32:20', '2025-08-24 17:32:20'),
('375', '5', '2', '2', '62.96', '100.00', '2025-08-24 17:32:20', '2025-08-24 17:34:34'),
('377', '5', '2', '4', '54.81', '100.00', '2025-08-24 17:32:20', '2025-08-24 17:34:34'),
('379', '5', '2', '6', '69.03', '100.00', '2025-08-24 17:32:20', '2025-08-24 17:34:34'),
('381', '5', '3', '1', '41.78', '50.00', '2025-08-24 17:32:20', '2025-08-24 17:34:34'),
('382', '5', '3', '2', '12.50', '50.00', '2025-08-24 17:32:20', '2025-08-24 17:34:34'),
('383', '5', '3', '3', '34.57', '50.00', '2025-08-24 17:32:20', '2025-08-24 17:34:34'),
('384', '5', '3', '4', '50.00', '50.00', '2025-08-24 17:32:20', '2025-08-24 17:32:20'),
('385', '5', '3', '5', '39.35', '50.00', '2025-08-24 17:32:20', '2025-08-24 17:34:34'),
('387', '5', '3', '31', '36.17', '50.00', '2025-08-24 17:32:20', '2025-08-24 17:34:34'),
('388', '6', '1', '1', '96.87', '100.00', '2025-08-24 17:32:20', '2025-08-24 17:34:34'),
('389', '6', '1', '2', '50.81', '100.00', '2025-08-24 17:32:20', '2025-08-24 17:34:34'),
('391', '6', '1', '4', '74.60', '100.00', '2025-08-24 17:32:20', '2025-08-24 17:34:34'),
('393', '6', '1', '6', '79.05', '100.00', '2025-08-24 17:32:20', '2025-08-24 17:34:34'),
('395', '6', '2', '1', '58.37', '100.00', '2025-08-24 17:32:20', '2025-08-24 17:34:34'),
('397', '6', '2', '3', '59.69', '100.00', '2025-08-24 17:32:20', '2025-08-24 17:34:34'),
('399', '6', '2', '5', '76.84', '100.00', '2025-08-24 17:32:20', '2025-08-24 17:34:34'),
('400', '6', '2', '6', '100.00', '100.00', '2025-08-24 17:32:20', '2025-08-24 17:32:20'),
('403', '6', '3', '2', '34.65', '50.00', '2025-08-24 17:32:20', '2025-08-24 17:34:34'),
('404', '6', '3', '3', '50.00', '50.00', '2025-08-24 17:32:20', '2025-08-24 17:32:20'),
('405', '6', '3', '4', '38.89', '50.00', '2025-08-24 17:32:20', '2025-08-24 17:34:34'),
('407', '6', '3', '6', '42.63', '50.00', '2025-08-24 17:32:20', '2025-08-24 17:34:34'),
('409', '7', '1', '1', '85.92', '100.00', '2025-08-24 17:32:20', '2025-08-24 17:34:34'),
('410', '7', '1', '2', '100.00', '100.00', '2025-08-24 17:32:20', '2025-08-24 17:32:20'),
('411', '7', '1', '3', '67.99', '100.00', '2025-08-24 17:32:20', '2025-08-24 17:34:34'),
('413', '7', '1', '5', '56.34', '100.00', '2025-08-24 17:32:20', '2025-08-24 17:34:34'),
('414', '7', '1', '6', '25.00', '100.00', '2025-08-24 17:32:20', '2025-08-24 17:34:34'),
('415', '7', '1', '31', '87.49', '100.00', '2025-08-24 17:32:20', '2025-08-24 17:34:34'),
('417', '7', '2', '2', '65.98', '100.00', '2025-08-24 17:32:20', '2025-08-24 17:34:34'),
('418', '7', '2', '3', '25.00', '100.00', '2025-08-24 17:32:20', '2025-08-24 17:34:34'),
('419', '7', '2', '4', '76.86', '100.00', '2025-08-24 17:32:20', '2025-08-24 17:34:34'),
('420', '7', '2', '5', '25.00', '100.00', '2025-08-24 17:32:20', '2025-08-24 17:34:34'),
('421', '7', '2', '6', '83.69', '100.00', '2025-08-24 17:32:20', '2025-08-24 17:34:34'),
('423', '7', '3', '1', '49.22', '50.00', '2025-08-24 17:32:20', '2025-08-24 17:34:34'),
('424', '7', '3', '2', '50.00', '50.00', '2025-08-24 17:32:20', '2025-08-24 17:32:20'),
('425', '7', '3', '3', '35.77', '50.00', '2025-08-24 17:32:20', '2025-08-24 17:34:34'),
('426', '7', '3', '4', '50.00', '50.00', '2025-08-24 17:32:20', '2025-08-24 17:32:20'),
('427', '7', '3', '5', '37.34', '50.00', '2025-08-24 17:32:20', '2025-08-24 17:34:34'),
('429', '7', '3', '31', '39.86', '50.00', '2025-08-24 17:32:20', '2025-08-24 17:34:34'),
('430', '8', '1', '1', '25.00', '100.00', '2025-08-24 17:32:20', '2025-08-24 17:34:34'),
('431', '8', '1', '2', '48.56', '100.00', '2025-08-24 17:32:20', '2025-08-24 17:34:34'),
('432', '8', '1', '3', '25.00', '100.00', '2025-08-24 17:32:20', '2025-08-24 17:34:34'),
('433', '8', '1', '4', '100.00', '100.00', '2025-08-24 17:32:20', '2025-08-24 17:34:34'),
('434', '8', '1', '5', '25.00', '100.00', '2025-08-24 17:32:20', '2025-08-24 17:34:34'),
('435', '8', '1', '6', '70.48', '100.00', '2025-08-24 17:32:20', '2025-08-24 17:34:34'),
('436', '8', '1', '31', '25.00', '100.00', '2025-08-24 17:32:20', '2025-08-24 17:34:34'),
('437', '8', '2', '1', '72.33', '100.00', '2025-08-24 17:32:20', '2025-08-24 17:34:34'),
('439', '8', '2', '3', '84.19', '100.00', '2025-08-24 17:32:20', '2025-08-24 17:34:34'),
('440', '8', '2', '4', '25.00', '100.00', '2025-08-24 17:32:20', '2025-08-24 17:34:34'),
('441', '8', '2', '5', '88.87', '100.00', '2025-08-24 17:32:20', '2025-08-24 17:34:34'),
('442', '8', '2', '6', '91.32', '100.00', '2025-08-24 17:32:20', '2025-08-24 17:34:34'),
('444', '8', '3', '1', '50.00', '50.00', '2025-08-24 17:32:20', '2025-08-24 17:34:34'),
('445', '8', '3', '2', '23.55', '50.00', '2025-08-24 17:32:20', '2025-08-24 17:34:34'),
('447', '8', '3', '4', '34.82', '50.00', '2025-08-24 17:32:20', '2025-08-24 17:34:34'),
('448', '8', '3', '5', '12.50', '50.00', '2025-08-24 17:32:20', '2025-08-24 17:34:34'),
('449', '8', '3', '6', '37.13', '50.00', '2025-08-24 17:32:20', '2025-08-24 17:34:34'),
('451', '22', '1', '1', '100.00', '100.00', '2025-08-24 17:32:20', '2025-08-24 17:34:34'),
('452', '22', '1', '2', '100.00', '100.00', '2025-08-24 17:32:20', '2025-08-24 17:34:34'),
('453', '22', '1', '3', '78.55', '100.00', '2025-08-24 17:32:20', '2025-08-24 17:34:34'),
('454', '22', '1', '4', '32.88', '100.00', '2025-08-24 17:32:20', '2025-08-24 17:34:34'),
('455', '22', '1', '5', '84.90', '100.00', '2025-08-24 17:32:20', '2025-08-24 17:34:34'),
('456', '22', '1', '6', '100.00', '100.00', '2025-08-24 17:32:20', '2025-08-24 17:32:20'),
('457', '22', '1', '31', '92.47', '100.00', '2025-08-24 17:32:20', '2025-08-24 17:34:34'),
('458', '22', '2', '1', '25.00', '100.00', '2025-08-24 17:32:20', '2025-08-24 17:34:34'),
('459', '22', '2', '2', '82.56', '100.00', '2025-08-24 17:32:20', '2025-08-24 17:34:34'),
('461', '22', '2', '4', '89.65', '100.00', '2025-08-24 17:32:20', '2025-08-24 17:34:34'),
('463', '22', '2', '6', '68.02', '100.00', '2025-08-24 17:32:20', '2025-08-24 17:34:34'),
('465', '22', '3', '1', '34.74', '50.00', '2025-08-24 17:32:20', '2025-08-24 17:34:34'),
('466', '22', '3', '2', '50.00', '50.00', '2025-08-24 17:32:20', '2025-08-24 17:34:34'),
('467', '22', '3', '3', '38.47', '50.00', '2025-08-24 17:32:20', '2025-08-24 17:34:34'),
('468', '22', '3', '4', '50.00', '50.00', '2025-08-24 17:32:20', '2025-08-24 17:34:34'),
('469', '22', '3', '5', '40.46', '50.00', '2025-08-24 17:32:20', '2025-08-24 17:34:34'),
('470', '22', '3', '6', '12.50', '50.00', '2025-08-24 17:32:20', '2025-08-24 17:34:34'),
('471', '22', '3', '31', '34.87', '50.00', '2025-08-24 17:32:20', '2025-08-24 17:34:34'),
('473', '23', '1', '2', '84.84', '100.00', '2025-08-24 17:32:20', '2025-08-24 17:34:34'),
('474', '23', '1', '3', '42.79', '100.00', '2025-08-24 17:32:20', '2025-08-24 17:34:34'),
('475', '23', '1', '4', '79.91', '100.00', '2025-08-24 17:32:20', '2025-08-24 17:34:34'),
('477', '23', '1', '6', '100.00', '100.00', '2025-08-24 17:32:20', '2025-08-24 17:34:34'),
('478', '23', '1', '31', '100.00', '100.00', '2025-08-24 17:32:20', '2025-08-24 17:32:20'),
('479', '23', '2', '1', '74.41', '100.00', '2025-08-24 17:32:20', '2025-08-24 17:34:34'),
('481', '23', '2', '3', '70.15', '100.00', '2025-08-24 17:32:20', '2025-08-24 17:34:34'),
('482', '23', '2', '4', '100.00', '100.00', '2025-08-24 17:32:20', '2025-08-24 17:32:20'),
('483', '23', '2', '5', '64.47', '100.00', '2025-08-24 17:32:20', '2025-08-24 17:34:34'),
('484', '23', '2', '6', '25.00', '100.00', '2025-08-24 17:32:20', '2025-08-24 17:34:34'),
('487', '23', '3', '2', '32.24', '50.00', '2025-08-24 17:32:20', '2025-08-24 17:34:34'),
('488', '23', '3', '3', '12.50', '50.00', '2025-08-24 17:32:20', '2025-08-24 17:34:34'),
('489', '23', '3', '4', '50.00', '50.00', '2025-08-24 17:32:20', '2025-08-24 17:34:34'),
('490', '23', '3', '5', '12.50', '50.00', '2025-08-24 17:32:20', '2025-08-24 17:34:34'),
('491', '23', '3', '6', '29.04', '50.00', '2025-08-24 17:32:20', '2025-08-24 17:34:34'),
('493', '9', '4', '7', '90.74', '100.00', '2025-08-24 17:32:20', '2025-08-24 17:34:34'),
('494', '9', '4', '8', '25.00', '100.00', '2025-08-24 17:32:20', '2025-08-24 17:34:34'),
('495', '9', '4', '9', '44.37', '100.00', '2025-08-24 17:32:20', '2025-08-24 17:34:34'),
('496', '9', '4', '10', '100.00', '100.00', '2025-08-24 17:32:20', '2025-08-24 17:32:20'),
('497', '9', '4', '11', '89.03', '100.00', '2025-08-24 17:32:20', '2025-08-24 17:34:34'),
('499', '9', '5', '7', '60.20', '100.00', '2025-08-24 17:32:20', '2025-08-24 17:34:34'),
('500', '9', '5', '8', '100.00', '100.00', '2025-08-24 17:32:20', '2025-08-24 17:32:20'),
('501', '9', '5', '9', '82.29', '100.00', '2025-08-24 17:32:20', '2025-08-24 17:34:34'),
('502', '9', '5', '10', '33.53', '100.00', '2025-08-24 17:32:20', '2025-08-24 17:34:34'),
('503', '9', '5', '11', '100.00', '100.00', '2025-08-24 17:32:20', '2025-08-24 17:34:34'),
('504', '9', '5', '12', '25.00', '100.00', '2025-08-24 17:32:20', '2025-08-24 17:34:34'),
('505', '10', '4', '7', '81.18', '100.00', '2025-08-24 17:32:20', '2025-08-24 17:34:34'),
('506', '10', '4', '8', '100.00', '100.00', '2025-08-24 17:32:20', '2025-08-24 17:32:20'),
('507', '10', '4', '9', '80.60', '100.00', '2025-08-24 17:32:20', '2025-08-24 17:34:34'),
('509', '10', '4', '11', '97.64', '100.00', '2025-08-24 17:32:20', '2025-08-24 17:34:34'),
('510', '10', '4', '12', '25.00', '100.00', '2025-08-24 17:32:20', '2025-08-24 17:34:34'),
('511', '10', '5', '7', '73.62', '100.00', '2025-08-24 17:32:20', '2025-08-24 17:34:34'),
('513', '10', '5', '9', '62.74', '100.00', '2025-08-24 17:32:20', '2025-08-24 17:34:34'),
('515', '10', '5', '11', '84.24', '100.00', '2025-08-24 17:32:20', '2025-08-24 17:34:34'),
('517', '11', '4', '7', '71.14', '100.00', '2025-08-24 17:32:20', '2025-08-24 17:34:34'),
('518', '11', '4', '8', '25.00', '100.00', '2025-08-24 17:32:20', '2025-08-24 17:34:34'),
('519', '11', '4', '9', '65.46', '100.00', '2025-08-24 17:32:20', '2025-08-24 17:34:34'),
('521', '11', '4', '11', '77.17', '100.00', '2025-08-24 17:32:20', '2025-08-24 17:34:34'),
('523', '11', '5', '7', '77.43', '100.00', '2025-08-24 17:32:20', '2025-08-24 17:34:34'),
('525', '11', '5', '9', '59.37', '100.00', '2025-08-24 17:32:20', '2025-08-24 17:34:34'),
('526', '11', '5', '10', '100.00', '100.00', '2025-08-24 17:32:20', '2025-08-24 17:32:20'),
('527', '11', '5', '11', '61.48', '100.00', '2025-08-24 17:32:20', '2025-08-24 17:34:34'),
('528', '11', '5', '12', '100.00', '100.00', '2025-08-24 17:32:20', '2025-08-24 17:32:20'),
('529', '12', '4', '7', '85.57', '100.00', '2025-08-24 17:32:20', '2025-08-24 17:34:34'),
('530', '12', '4', '8', '25.00', '100.00', '2025-08-24 17:32:20', '2025-08-24 17:34:34'),
('531', '12', '4', '9', '67.60', '100.00', '2025-08-24 17:32:20', '2025-08-24 17:34:34'),
('532', '12', '4', '10', '81.53', '100.00', '2025-08-24 17:32:20', '2025-08-24 17:34:34'),
('533', '12', '4', '11', '82.63', '100.00', '2025-08-24 17:32:20', '2025-08-24 17:34:34'),
('534', '12', '4', '12', '52.44', '100.00', '2025-08-24 17:32:20', '2025-08-24 17:34:34'),
('535', '12', '5', '7', '92.16', '100.00', '2025-08-24 17:32:20', '2025-08-24 17:34:34'),
('536', '12', '5', '8', '25.00', '100.00', '2025-08-24 17:32:20', '2025-08-24 17:34:34'),
('537', '12', '5', '9', '85.62', '100.00', '2025-08-24 17:32:20', '2025-08-24 17:34:34'),
('538', '12', '5', '10', '100.00', '100.00', '2025-08-24 17:32:20', '2025-08-24 17:34:34'),
('539', '12', '5', '11', '75.04', '100.00', '2025-08-24 17:32:20', '2025-08-24 17:34:34'),
('540', '12', '5', '12', '45.08', '100.00', '2025-08-24 17:32:20', '2025-08-24 17:34:34'),
('541', '13', '4', '7', '94.58', '100.00', '2025-08-24 17:32:20', '2025-08-24 17:34:34'),
('542', '13', '4', '8', '83.49', '100.00', '2025-08-24 17:32:20', '2025-08-24 17:34:34'),
('543', '13', '4', '9', '84.52', '100.00', '2025-08-24 17:32:20', '2025-08-24 17:34:34'),
('544', '13', '4', '10', '88.42', '100.00', '2025-08-24 17:32:20', '2025-08-24 17:34:34'),
('545', '13', '4', '11', '57.18', '100.00', '2025-08-24 17:32:20', '2025-08-24 17:34:34'),
('547', '13', '5', '7', '84.78', '100.00', '2025-08-24 17:32:20', '2025-08-24 17:34:34'),
('548', '13', '5', '8', '93.03', '100.00', '2025-08-24 17:32:20', '2025-08-24 17:34:34'),
('549', '13', '5', '9', '85.47', '100.00', '2025-08-24 17:32:20', '2025-08-24 17:34:34'),
('551', '13', '5', '11', '46.72', '100.00', '2025-08-24 17:32:20', '2025-08-24 17:34:34'),
('552', '13', '5', '12', '100.00', '100.00', '2025-08-24 17:32:20', '2025-08-24 17:34:34'),
('553', '14', '4', '7', '54.28', '100.00', '2025-08-24 17:32:20', '2025-08-24 17:34:34'),
('554', '14', '4', '8', '25.00', '100.00', '2025-08-24 17:32:20', '2025-08-24 17:34:34'),
('555', '14', '4', '9', '80.69', '100.00', '2025-08-24 17:32:20', '2025-08-24 17:34:34'),
('556', '14', '4', '10', '100.00', '100.00', '2025-08-24 17:32:20', '2025-08-24 17:32:20'),
('557', '14', '4', '11', '57.59', '100.00', '2025-08-24 17:32:20', '2025-08-24 17:34:34'),
('559', '14', '5', '7', '68.78', '100.00', '2025-08-24 17:32:20', '2025-08-24 17:34:34'),
('560', '14', '5', '8', '98.14', '100.00', '2025-08-24 17:32:20', '2025-08-24 17:34:34'),
('561', '14', '5', '9', '95.23', '100.00', '2025-08-24 17:32:20', '2025-08-24 17:34:34'),
('563', '14', '5', '11', '97.17', '100.00', '2025-08-24 17:32:20', '2025-08-24 17:34:34'),
('570', '1', '1', '6', '100.00', '100.00', '2025-08-24 17:34:33', '2025-08-24 17:34:33'),
('592', '2', '1', '31', '25.00', '100.00', '2025-08-24 17:34:33', '2025-08-24 17:34:33'),
('596', '2', '2', '4', '25.00', '100.00', '2025-08-24 17:34:33', '2025-08-24 17:34:33'),
('602', '2', '3', '3', '50.00', '50.00', '2025-08-24 17:34:33', '2025-08-24 17:34:33'),
('604', '2', '3', '5', '12.50', '50.00', '2025-08-24 17:34:33', '2025-08-24 17:34:33'),
('610', '3', '1', '4', '100.00', '100.00', '2025-08-24 17:34:33', '2025-08-24 17:34:33'),
('612', '3', '1', '6', '25.00', '100.00', '2025-08-24 17:34:33', '2025-08-24 17:34:33'),
('614', '3', '2', '1', '25.00', '100.00', '2025-08-24 17:34:33', '2025-08-24 17:34:33'),
('616', '3', '2', '3', '25.00', '100.00', '2025-08-24 17:34:33', '2025-08-24 17:34:33'),
('622', '3', '3', '2', '12.50', '50.00', '2025-08-24 17:34:33', '2025-08-24 17:34:33'),
('624', '3', '3', '4', '12.50', '50.00', '2025-08-24 17:34:33', '2025-08-24 17:34:33'),
('632', '4', '1', '5', '100.00', '100.00', '2025-08-24 17:34:34', '2025-08-24 17:34:34'),
('638', '4', '2', '4', '25.00', '100.00', '2025-08-24 17:34:34', '2025-08-24 17:34:34'),
('644', '4', '3', '3', '12.50', '50.00', '2025-08-24 17:34:34', '2025-08-24 17:34:34'),
('658', '5', '2', '3', '100.00', '100.00', '2025-08-24 17:34:34', '2025-08-24 17:34:34'),
('660', '5', '2', '5', '100.00', '100.00', '2025-08-24 17:34:34', '2025-08-24 17:34:34'),
('662', '5', '2', '31', '25.00', '100.00', '2025-08-24 17:34:34', '2025-08-24 17:34:34'),
('668', '5', '3', '6', '50.00', '50.00', '2025-08-24 17:34:34', '2025-08-24 17:34:34'),
('672', '6', '1', '3', '25.00', '100.00', '2025-08-24 17:34:34', '2025-08-24 17:34:34'),
('674', '6', '1', '5', '25.00', '100.00', '2025-08-24 17:34:34', '2025-08-24 17:34:34'),
('676', '6', '1', '31', '25.00', '100.00', '2025-08-24 17:34:34', '2025-08-24 17:34:34'),
('678', '6', '2', '2', '25.00', '100.00', '2025-08-24 17:34:34', '2025-08-24 17:34:34'),
('680', '6', '2', '4', '100.00', '100.00', '2025-08-24 17:34:34', '2025-08-24 17:34:34'),
('684', '6', '3', '1', '50.00', '50.00', '2025-08-24 17:34:34', '2025-08-24 17:34:34'),
('688', '6', '3', '5', '12.50', '50.00', '2025-08-24 17:34:34', '2025-08-24 17:34:34'),
('690', '6', '3', '31', '50.00', '50.00', '2025-08-24 17:34:34', '2025-08-24 17:34:34'),
('694', '7', '1', '4', '25.00', '100.00', '2025-08-24 17:34:34', '2025-08-24 17:34:34'),
('698', '7', '2', '1', '25.00', '100.00', '2025-08-24 17:34:34', '2025-08-24 17:34:34'),
('704', '7', '2', '31', '25.00', '100.00', '2025-08-24 17:34:34', '2025-08-24 17:34:34'),
('710', '7', '3', '6', '50.00', '50.00', '2025-08-24 17:34:34', '2025-08-24 17:34:34'),
('720', '8', '2', '2', '100.00', '100.00', '2025-08-24 17:34:34', '2025-08-24 17:34:34'),
('728', '8', '3', '3', '12.50', '50.00', '2025-08-24 17:34:34', '2025-08-24 17:34:34'),
('732', '8', '3', '31', '46.67', '50.00', '2025-08-24 17:34:34', '2025-08-24 17:34:34'),
('742', '22', '2', '3', '100.00', '100.00', '2025-08-24 17:34:34', '2025-08-24 17:34:34'),
('744', '22', '2', '5', '100.00', '100.00', '2025-08-24 17:34:34', '2025-08-24 17:34:34'),
('754', '23', '1', '1', '25.00', '100.00', '2025-08-24 17:34:34', '2025-08-24 17:34:34'),
('758', '23', '1', '5', '100.00', '100.00', '2025-08-24 17:34:34', '2025-08-24 17:34:34'),
('762', '23', '2', '2', '25.00', '100.00', '2025-08-24 17:34:34', '2025-08-24 17:34:34'),
('768', '23', '3', '1', '12.50', '50.00', '2025-08-24 17:34:34', '2025-08-24 17:34:34'),
('774', '23', '3', '31', '12.50', '50.00', '2025-08-24 17:34:34', '2025-08-24 17:34:34'),
('780', '9', '4', '12', '100.00', '100.00', '2025-08-24 17:34:34', '2025-08-24 17:34:34'),
('790', '10', '4', '10', '25.00', '100.00', '2025-08-24 17:34:34', '2025-08-24 17:34:34'),
('794', '10', '5', '8', '100.00', '100.00', '2025-08-24 17:34:34', '2025-08-24 17:34:34'),
('796', '10', '5', '10', '100.00', '100.00', '2025-08-24 17:34:34', '2025-08-24 17:34:34'),
('798', '10', '5', '12', '100.00', '100.00', '2025-08-24 17:34:34', '2025-08-24 17:34:34'),
('802', '11', '4', '10', '25.00', '100.00', '2025-08-24 17:34:34', '2025-08-24 17:34:34'),
('804', '11', '4', '12', '100.00', '100.00', '2025-08-24 17:34:34', '2025-08-24 17:34:34'),
('806', '11', '5', '8', '100.00', '100.00', '2025-08-24 17:34:34', '2025-08-24 17:34:34'),
('828', '13', '4', '12', '100.00', '100.00', '2025-08-24 17:34:34', '2025-08-24 17:34:34'),
('832', '13', '5', '10', '25.00', '100.00', '2025-08-24 17:34:34', '2025-08-24 17:34:34'),
('840', '14', '4', '12', '25.00', '100.00', '2025-08-24 17:34:34', '2025-08-24 17:34:34'),
('844', '14', '5', '10', '100.00', '100.00', '2025-08-24 17:34:34', '2025-08-24 17:34:34'),
('846', '14', '5', '12', '100.00', '100.00', '2025-08-24 17:34:34', '2025-08-24 17:34:34');

COMMIT;
SET FOREIGN_KEY_CHECKS = 1;
-- Backup completed successfully
